FA_X1,FB_X2,FW_X3,Tin(c)_X4,Pin (bar)_X5,FA_out_Y1,FB_out_Y2,FW_out_Y3,T_out_Y4,Pout (bar)_Y5
14.4920040000000,0.9349680000000,0.1558280000000,260.0000000000000,1818000.0000000000000,2.5565213419104,6.9027093290448,6.1235693290448,381.4041946672110,1790030.7423559900000
5.4289203106735,3.3729770911983,6.7809025981282,415.7025106863130,2199962.5895347700000,2.8457002876528,4.6645871027086,8.0725126096386,443.3670136744880,2176855.3936440900000
14.4920040000000,0.9349680000000,0.1558280000000,192.2000000000000,3680000.0000000000000,2.1158046883829,7.1230676558085,6.3439276558086,310.7424763992880,3670466.0833157100000
13.1127367384581,1.1997813747064,1.2702818868355,344.8687202934120,4004159.1601708400000,2.9287729138157,6.2917632870277,6.3622637991567,441.8599863131070,3990592.6300807100000
13.4105474978068,0.7952232427694,1.3770292594238,158.7858656001680,3513462.0484678500000,12.3583037718464,1.3213451057496,1.9031511224039,165.8397086911100,3507626.8844448400000
13.2357757879390,1.3063895051596,1.0406347069015,226.4307438492060,3696703.6651377800000,2.2747372574850,6.7869087703865,6.5211539721284,334.4484078754430,3685092.5632586000000
13.2551636721654,0.2478286981072,2.0798076297274,162.7433038141990,2963044.4069541100000,11.8724673073799,0.9391768805000,2.7711558121201,176.1086271764160,2955039.1372278600000
12.6388104854012,0.3307325896315,2.6132569249673,176.8083716210940,3598486.8259486600000,8.2083014763379,2.5459870941631,4.8285114294990,219.8050559569490,3591568.8203898100000
12.6465329763126,0.8051568548567,2.1311101688308,377.2743606183330,2254219.4679338200000,3.0853534764786,5.5857466047737,6.9116999187478,473.2179391926000,2229189.7425753000000
13.2429118227684,0.4024956430597,1.9373925341719,341.7726999413260,1948039.7307649700000,2.9437402076848,5.5520814506015,7.0869783417137,448.4693001494970,1920245.3406150900000
14.2039171289936,0.6492299765024,0.7296528945041,237.5194564967980,2205920.3918558400000,2.4321524292270,6.5351123263857,6.6155352443874,360.7887256379550,2184696.3378026200000
14.3662793617180,0.9783275713544,0.2381930669275,412.2612854793860,2995118.0877328100000,3.3020736982480,6.5104304030894,5.7702958986625,512.7363795618810,2974154.1463096800000
14.6806965497357,0.2702017474434,0.6319017028209,159.5071182188030,3706751.0089624200000,13.5790291171121,0.8210354637553,1.1827354191327,164.2123492941910,3701927.6446861900000
12.3168140320798,1.7834182055442,1.4825677623761,271.0934432651660,2142341.2254870800000,2.4986498785507,6.6925002823087,6.3916498391406,371.3639342499060,2119368.1822874500000
12.2626825915238,1.6754185515104,1.6446988569659,255.3101341576700,2467407.7369830600000,2.4089050361467,6.6023073291989,6.5715876346544,356.8420806962810,2448362.8602814300000
13.8452674424287,0.6257157306332,1.1118168269381,361.2826335291250,3799966.1654561200000,3.0534514975404,6.0216237030773,6.5077247993823,464.8176007356520,3785226.3697583500000
13.4435974412068,0.3395519848121,1.7996505739811,369.4751727138290,3082744.6956275600000,3.0813850902151,5.5206581603080,6.9807567494770,472.9006000867030,3064683.0778806200000
12.4359219437671,1.0441936049231,2.1026844513097,201.5768388570080,4174444.5861564000000,2.0698816297496,6.2272137619319,7.2857046083185,303.2491547257100,4166051.9458301400000
13.8867626199152,1.0547791317945,0.6412582482903,285.1749732375520,1890726.7380383000000,2.6659890781815,6.6651659026614,6.2516450191572,398.5610922402920,1863104.0329942200000
14.1288159969084,0.6307121450518,0.8232718580398,272.9817913962080,3698906.3463453000000,2.6050467771144,6.3925967549488,6.5851564679368,386.8178216923330,3685720.3783594900000
12.9239858610766,2.1988303817193,0.4599837572041,328.3823907907090,3259998.6949630500000,2.7910127808586,7.2653169218284,5.5264702973131,421.8974166627730,3243019.7866265800000
12.8379646746866,1.4474153746640,1.2974199506494,345.7846933168280,2021953.4631154400000,2.9290580736186,6.4018686751980,6.2518732511834,442.7660934263210,1994248.3744134100000
13.5108665747483,0.1983280102774,1.8736054149743,358.2935242271320,2679778.3170516400000,3.0325703749554,5.4374761101739,7.1127535148707,464.9278862582020,2659302.8664272300000
12.8002171528182,2.0129401264717,0.7696427207101,226.1829212516080,2457318.1575077000000,2.2438137893017,7.2911418082299,6.0478444024684,332.8676302894320,2438976.9175891900000
12.7788397215496,1.0627717647697,1.7411885136807,337.5979388116140,3038370.9223651000000,2.8881911654739,6.0080960428075,6.6865127917185,435.7111383741900,3020784.5833001600000
14.2552215777401,0.2694190886846,1.0581593335754,330.8070490967800,3621516.0208311700000,2.9260979246506,5.9339809152293,6.7227211601201,442.3523748135300,3606734.5091654200000
13.6991712684726,0.4185708307002,1.4650579008272,194.8808389137180,1604699.4367444000000,2.1855021206383,6.1754054046173,7.2218924747443,325.0976940068430,1581125.9002188200000
11.7864584046913,1.9091551300132,1.8871864652954,182.8433601101120,3682182.3629665400000,3.4880080352435,6.0583803147372,6.0364116500194,263.4515226730030,3674347.3270330700000
11.8193881926514,2.0772416187503,1.6861701885983,287.5484783470710,3739150.3571317300000,2.5477538856391,6.7130587722565,6.3219873421044,377.5549272272750,3726112.2837509000000
11.6529634276798,1.5613709608654,2.3684656114548,414.8893325504380,2328068.1087612700000,3.2173826782522,5.7791613355792,6.5862559861686,496.3631295757640,2302620.5955438300000
14.8918422117324,0.2557560194253,0.4352017688423,243.9464605598530,2547201.4415859200000,2.5054926480726,6.4489308012552,6.6283765506722,371.9379310773180,2528494.7182279400000
12.9644571224207,0.7565240247478,1.8618188528315,311.5338992704190,2959493.7333967900000,2.7658933078139,5.8558059320512,6.9611007601349,415.5949811773180,2942262.5379463300000
13.9819995631134,1.2882068824186,0.3125935544680,211.7720952995540,3332391.7192365900000,2.2194530156854,7.1694801561326,6.1938668281820,327.2988893901260,3319812.1795218900000
14.8188776176334,0.3565444398475,0.4073779425192,357.3497083683600,3453162.2952631100000,3.0781152099876,6.2269256436705,6.2777591463420,469.0941093654760,3436590.5110841700000
12.8409716117026,1.3100062014350,1.4318221868623,220.4062518667580,3497864.0368002800000,2.2258867638403,6.6175486253662,6.7393646107935,327.2423340397730,3485977.1502310800000
13.5913065800734,0.9432440740617,1.0482493458649,289.6441462595790,2428473.4143507600000,2.6789662356298,6.3994142462835,6.5044195180866,400.0637549831870,2407382.3258005200000
13.7823884108514,1.0293022903549,0.7711092987937,342.9451754532450,2544977.2064995300000,2.9574239770418,6.4417845072597,6.1835915156985,447.6027293593360,2522894.8086964700000
12.7836020667020,1.1985277872704,1.6006701460277,395.8892976998800,4073399.5067519100000,3.1683215985753,6.0061680213336,6.4083103800909,486.2133078565720,4059151.6414933400000
14.4804546529512,0.3104375887473,0.7919077583014,414.7644333567030,2961616.9650844000000,3.3405482975640,5.8803907664410,6.3618609359951,519.8273514204010,2940843.6889102200000
13.6032834213416,0.3156084644768,1.6639081141815,301.0314862700100,3764193.9572341500000,2.7382154278826,5.7481424612064,7.0964421109110,411.0316497775350,3750995.3244164900000
13.4171620635021,0.8903330988354,1.2753048376625,188.2603462207150,2101401.4172648500000,2.1052648076122,6.5462817267804,6.9312534656074,311.6929881426250,2084653.9898514300000
13.6275751020311,1.2116342811332,0.7435906168357,191.2051455343000,3104738.4839421100000,2.0891641453603,6.9808397594686,6.5127960951711,307.5426608305140,3093313.8472265800000
12.6036004429744,1.2274309864286,1.7517685705970,221.0722781381510,3006248.8853792600000,2.2315021539288,6.4134801309514,6.9378177151198,329.0994332721840,2992327.1805258800000
13.4601286641575,0.6957109863169,1.4269603495257,382.0379626514910,4094058.5508402800000,3.1353675649583,5.8580915359165,6.5893408991253,480.5239672372760,4080138.3560430900000
13.4427642354115,1.8702963846145,0.2697393799740,220.1818813961430,1549117.8154050300000,2.2490343419848,7.4671613313279,5.8666043266873,335.8695920245300,1519384.1410824300000
12.9304792252609,1.9269233636488,0.7253974110903,374.7426119949930,2751446.7856514600000,3.0475824269615,6.8683717627984,5.6668458102400,465.7037363525760,2729940.0029048600000
14.0852378512848,1.0190246310772,0.4785375176380,217.2128913680970,2812610.0618443600000,2.2825874109629,6.9203498512382,6.3798627377990,337.1799175841100,2797147.7023068400000
12.1884137532844,2.1219429469398,1.2724432997759,406.4767599996750,1561481.4062899900000,3.1833159730052,6.6244918370793,5.7749921899154,490.0148084581410,1521788.0585113900000
13.5282173490401,1.4458756646305,0.6087069863294,246.5955194118070,3923532.7911013600000,2.3949150351710,7.0125268215651,6.1753581432639,353.4146993215120,3911770.0771220500000
13.7800146359071,0.6340320588019,1.1687533052910,204.2602891190130,3864727.9216786000000,2.1742733343342,6.4369027095884,6.9716239560775,318.9896594082540,3854963.6954820800000
12.0931156898599,1.8290589904244,1.6606253197157,219.2991448013850,2573070.0337362100000,2.1846271544873,6.7833032581107,6.6148695874021,322.5547836051360,2556612.8267320500000
12.3728969514976,1.0830773452410,2.1268257032613,320.0283306164720,3566995.5774597800000,2.7730885619829,5.8829815399985,6.9267298980187,416.2642948843320,3552762.2600805700000
12.7875363615476,0.7776970025800,2.0175666358724,280.6277222971530,1730548.5665358800000,2.6028991050045,5.8700156308515,7.1098852641439,389.8996023054900,1702013.2845750400000
13.2297990919583,2.0504863573951,0.3025145506466,247.0580239493870,3097466.1890565300000,2.3643917644657,7.4831900211414,5.7352182143930,351.8646663514600,3082025.1104162500000
13.0179618471821,0.4486832368060,2.1161549160119,379.3087012993760,2055808.6702438200000,3.1130270584600,5.4011506311671,7.0686223103729,479.9345277605200,2028252.4657333300000
12.4158602775617,1.1347160628794,2.0322236595590,311.5328891581520,2592403.0131747700000,2.7373062169794,5.9739930931705,6.8715006898501,410.5330557378230,2572697.1485829700000
12.4006539861154,1.9281711513691,1.2539748625154,301.7237158883550,3747598.5832773200000,2.6515810023254,6.8027076432642,6.1285113544105,394.9099265521610,3734024.0453460300000
11.8092251429564,1.5531937002770,2.2203811567665,403.1454512170280,1868994.2643206300000,3.1708725987152,5.8723699723976,6.5395574288872,487.2257293065370,1837423.3653096200000
13.4435409945281,1.3488085284963,0.7904504769756,228.8915691944230,2181169.7060551900000,2.3221773553851,6.9094903480678,6.3511322965471,344.1498137398370,2160222.2450611900000
12.7921179782024,0.9975270387822,1.7931549830154,358.9872632345590,2701554.2464294300000,2.9998689714119,5.8936515421775,6.6892794864107,455.8980272274010,2681068.7708104600000
13.8125657160025,1.5939625293952,0.1762717546022,358.0292300208650,2279654.9272259700000,3.0023814836378,6.9990546455776,5.5813638707846,458.3960780359160,2253722.9402666400000
12.6224490008349,1.8922631164606,1.0680878827045,255.0030537651980,3615608.9056124900000,2.3981342032642,7.0044205152459,6.1802452814899,354.3051146235180,3602687.4392070400000
13.9583312618993,1.0909747192067,0.5334940188941,306.7187728401610,4163713.9680491200000,2.7587691602920,6.6907557700103,6.1332750696977,412.4976001366800,4151182.6062635900000
13.8766149349582,0.7459582799584,0.9602267850833,170.9357839194060,1761237.9086949400000,11.8428917979323,1.7628198484714,1.9770883535963,194.3838017448370,1743984.8668735400000
13.6989689079472,1.2638417358126,0.6199893562402,164.8902327519840,1986951.3713555600000,12.3239484464965,1.9513519665379,1.3074995869656,179.9988272472340,1972192.8260369900000
13.4665302380616,0.7233943466234,1.3928754153150,296.5001246304760,3336486.2347368800000,2.7073760714725,6.1029714299180,6.7724524986095,404.5463673757200,3321424.6712654500000
12.9586525167929,1.0875596251687,1.5365878580385,365.0501555081550,2388867.8218228900000,3.0378547041594,6.0479585314854,6.4969867643552,462.2461486180790,2365157.1659444000000
13.3737857902143,1.3793694886599,0.8296447211258,407.7869488472550,4123744.2177574500000,3.2360645474814,6.4482301100264,5.8985053424923,499.5130184239530,4109013.2320766800000
13.7754052684448,1.4981121819685,0.3092825495867,185.8541135387500,4119686.1114965300000,1.9960027801597,7.3878134261110,6.1989837937293,292.3330553706950,4112441.1593594300000
14.0764205748368,1.1959335121124,0.3104459130507,306.9953304007250,3166724.3433220700000,2.7670603939731,6.8506136025443,5.9651260034826,415.1403373918390,3149824.4551570200000
13.1947197869519,2.1045696783774,0.2835105346707,279.5518169320650,3794286.7428770700000,2.5355962949274,7.4341314243896,5.6130722806829,378.7758632426310,3780954.3274294900000
14.3552560969720,0.8866468200762,0.3408970829518,153.2849711823430,2465461.8542234500000,13.6216069820523,1.2534713775360,0.7077216404116,160.4637206059760,2455200.9332987800000
14.3807904019314,1.0145641429490,0.1874454551196,243.0458498540910,3132599.3141346300000,2.4359557368453,6.9869814754920,6.1598627876627,360.8810792172620,3117475.5761372800000
11.8996203581161,1.3277895891367,2.3553900527472,194.7623170613350,4157186.2543030100000,1.9904157900502,6.2823918731697,7.3099923367802,291.3112111152630,4149382.3967249600000
13.1628243866147,0.3432432730463,2.0767323403391,369.2225332287580,2922484.4773631000000,3.0654043061236,5.3919533132918,7.1254423805846,471.2475403064600,2903592.5702781900000
13.2330327331314,0.6315403328485,1.7182269340202,235.8953516043660,4007416.5559424100000,2.3442012256706,6.0759560865789,7.1626426877506,345.7415992568580,3996768.8354706100000
14.7256807075478,0.5524375055792,0.3046817868731,295.8751453997150,3388995.2974021700000,2.7565978903552,6.5369789141755,6.2892231954694,412.3616583562950,3373598.7710296700000
14.5921915452875,0.4693478970963,0.5212605576163,195.7190493419400,2703711.6987557900000,2.2019451647175,6.6644710873813,6.7163837479013,324.9104043544600,2689620.5105092200000
12.9910573328054,1.9255410182869,0.6662016489077,316.1470158268520,3153190.1687755700000,2.7478569965109,7.0471411864342,5.7878018170550,412.8314123569140,3136111.7288004600000
13.2596938087249,0.2276566639069,2.0954495273682,222.5800745330800,3874146.9110798500000,2.2699286704275,5.7225392330556,7.5903320965169,336.3471261594950,3863761.3694760500000
11.8314815986257,1.7479633556641,2.0033550457102,330.5258311795920,1876336.5752868700000,2.8035959295101,6.2619061902219,6.5172978802680,421.3235540676020,1847763.4656686100000
12.5241588029505,1.0765257825288,1.9821154145207,340.2232028666420,2446562.1944701100000,2.8934805907281,5.8918648886401,6.7974545206319,437.3807687783640,2424627.2336075800000
14.2955756036600,0.3949934322598,0.8922309640802,356.4898396193440,4177308.3772363900000,3.0486568353892,6.0184528163952,6.5156903482156,463.8737184874570,4163970.0332702200000
13.5226020710377,1.2506114405959,0.8095864883664,274.3494811866890,2466819.6891142500000,2.5805711498606,6.7216269011844,6.2806019489550,384.1910609523480,2446425.6485176700000
13.3619777966166,1.6028073985783,0.6180148048051,173.1347003271530,3210683.7951115000000,10.3209878142923,3.1233023897404,2.1385097959673,201.3982267221230,3202181.4106959600000
13.1420605526334,0.4041424630235,2.0365969843431,213.1976433658420,3913909.5568000800000,2.2019736943484,5.8741858921661,7.5066404134856,325.0556041134730,3904063.8630674700000
12.3034222073169,1.8716805135555,1.4076972791276,402.0811117744610,4186607.1519018700000,3.1633123686802,6.4417354328739,5.9777521984460,485.3414234057140,4172460.5568558200000
13.6798290773973,1.3999221476331,0.5030487749696,192.0563332355060,3194173.5151746000000,2.0839136176670,7.1978798774983,6.3010065048348,307.0284136108980,3182917.6952886000000
13.5755326764993,1.0299294753954,0.9773378481053,377.9254857871150,1614465.6407809900000,3.1292396562855,6.2530759855023,6.2004843582122,478.8272967455650,1577532.0366761500000
13.3729374964028,1.9640919082857,0.2457705953115,298.5825121317760,1404730.6893065300000,2.6707631074976,7.3151791027383,5.5968577897642,402.8075294884240,1365470.2890372100000
12.9392995633440,0.8326835576102,1.8108168790458,424.9331817890200,3092464.5932362200000,3.3188230515464,5.6429218135091,6.6210551349446,516.7843351510970,3072934.2140082700000
11.6400117373380,2.0198039421413,1.9229843205207,171.5764459358790,2944718.6495041900000,9.2940343274659,3.1927926470774,3.0959730254567,195.0134225538830,2935383.0760165200000
12.4903519280072,0.9276973848431,2.1647506871497,272.1792024580230,4089697.5076354500000,2.5133696330118,5.9161885323409,7.1532418346473,372.9872455561750,4078485.0168002400000
11.3835098203714,2.2747897221236,1.9245004575050,179.4361645698410,3463705.8613147700000,6.5029595988679,4.7150648328754,4.3647755682568,226.4813586086080,3455529.2127490500000
13.8489768591327,0.6668044614048,1.0670186794625,415.4838703159950,3221296.6854617400000,3.3133964295658,5.9345946761883,6.3348088942459,514.3526681767540,3202350.6559544500000
12.2438033707937,2.3720918104210,0.9669048187853,151.2790458610030,2817608.6233948300000,11.6329472344303,2.6775198786027,1.2723328869670,156.7202582342800,2808926.1699676600000
14.0203474999074,1.2830082350456,0.2794442650470,363.8752882603750,2053693.4163047500000,3.0565420568436,6.7649109565775,5.7613469865789,466.8720572367130,2024726.7087636100000
12.6880612616870,1.2057791821423,1.6889595561708,375.5756889003480,4089781.9240569000000,3.0659088319839,6.0168553969939,6.5000357710223,467.0607697846470,4076065.7240200200000
12.9857821349838,2.2261142115266,0.3709036534897,389.7597386803290,2866591.7087892100000,3.0981084882266,7.1699510349051,5.3147404768682,478.0465905704270,2845216.7823509200000
13.4523824916203,1.9509303698694,0.1794871385103,173.3042933610110,1387783.4739173300000,11.5289952443799,2.9126239934897,1.1411807621305,195.0593548927260,1363679.4240895400000
14.0609651250501,0.8012246321185,0.7206102428314,260.3400111512950,3319311.9438922700000,2.5311262611919,6.5661440640476,6.4855296747605,375.1645454182330,3304816.7762584400000
12.9611392790073,0.2964438560892,2.3252168649035,221.7242311867810,2807176.8579705500000,2.2722772185616,5.6408748863121,7.6696478951264,338.8614396383890,2792495.8877463500000
13.5325929598128,0.2749726379260,1.7752344022613,370.8189005419090,1471188.6114270000000,3.1038864706529,5.4893258825059,6.9895876468412,477.5137841824760,1432225.6120366000000
12.9775104401122,1.7175669751805,0.8877225847073,269.0702163799380,3881105.0763618200000,2.4955402198592,6.9585520853070,6.1287076948338,369.5022890680180,3868678.1896161800000
12.6459322527403,1.0057400736738,1.9311276735859,401.3387360625480,2257586.5032906600000,3.2009533099361,5.7282295450760,6.6536171449881,493.5496288318210,2231517.8725552700000
12.8128295596752,1.0500317792641,1.7199386610606,200.1897798115870,1966133.4738262500000,2.1431781092728,6.3848575044654,7.0547643862619,317.7389896742780,1946349.9754270100000
13.0516200124440,1.1811858591646,1.3499941283914,222.8096049600690,1630451.0617860500000,2.2870063728902,6.5634926789415,6.7323009481684,339.3705049198000,1603152.9344455400000
12.2157000854777,2.2004826021412,1.1666173123811,190.1687585861820,2201675.8690154600000,2.0028591654791,7.3069030621405,6.2730377723804,297.1928054877300,2185204.9506210100000
12.8091582718257,0.8767817669584,1.8968599612159,187.5549222035910,1962453.7341936400000,2.0730399679988,6.2448409188718,7.2649191131294,307.8593526280310,1944962.2502191400000
12.1104507712736,1.4945517754094,1.9777974533170,389.9246493086650,3190791.7849293100000,3.1136719937670,5.9929411641627,6.4761868420702,476.0728706385600,3172806.8909871400000
14.8702883911778,0.4772818271484,0.2352297816738,309.9984661128970,1491864.3613351500000,2.8571741711279,6.4838389371733,6.2417868916987,430.6520588733790,1454626.5926471000000
13.9095945708585,1.0986779072352,0.5745275219063,301.7614157068280,2098751.0015966600000,2.7501734384157,6.6783884734566,6.1542380881277,412.4350118741380,2073230.1381966700000
13.9645498510987,0.4542188426346,1.1640313062667,190.0075243097490,2117278.6889265100000,2.1572338548354,6.3578768407663,7.0676893043983,319.6027494203480,2100293.0846867000000
13.6283076528740,0.6384260022753,1.3160663448508,385.4365884912430,3852192.1532055600000,3.1609441851116,5.8721077361565,6.5497480787319,485.2753593090900,3837233.6757169400000
13.8673046961081,0.9482604726652,0.7672348312267,321.6872162898780,2588558.0402277800000,2.8551008436926,6.4543623988729,6.2733367574345,429.6554647298940,2567560.1086005200000
13.8070248271310,0.7122497648895,1.0635254079795,246.8628571262670,3492150.9506330900000,2.4446923546465,6.3934160011318,6.7446916442217,361.2892545166950,3479029.0266745200000
14.0742021989848,0.5722178382992,0.9363799627160,291.6568730033070,3049559.4898645100000,2.7143126214072,6.2521626270881,6.6163247515048,405.5708999566240,3032860.9218555600000
13.5228767864982,1.5894351217159,0.4704880917859,260.8990173155360,3571471.2184717100000,2.4745803736547,7.1135833281376,5.9946362982076,367.0442914506460,3557902.5996678400000
12.1412410627858,1.5818284476871,1.8597304895271,170.9668069066720,1630398.8521674400000,10.4321793509412,2.4363593036094,2.7142613454494,190.9732644782490,1611515.9761578500000
13.9074204313199,0.6592629594861,1.0161166091940,216.2168583808100,4137835.2669639400000,2.2481700996363,6.4888881253280,6.8457417750358,329.7041106609200,4128080.6689440900000
12.2973949913993,1.6946069277887,1.5907980808120,184.0360260145060,3760930.3588906900000,2.1325554602774,6.7770266933496,6.6732178463730,282.3380339694410,3753124.1755925400000
13.1403309732284,2.1462838346598,0.2961851921119,200.7585495659470,1446874.8432445800000,2.1114465444990,7.6607260490244,5.8106274064765,316.1864141984440,1418048.9984154100000
13.4880628305398,1.1542397917330,0.9404973777272,216.2268970835130,2651985.3179928400000,2.2514500309892,6.7725461915083,6.5588037775025,332.4892779301550,2635846.7234550300000
13.0836398016460,2.1899005242831,0.3092596740709,265.1657110672860,2244394.4973493000000,2.4618425911704,7.5007991295210,5.6201582793087,368.7650717904500,2221764.9458254100000
13.2293539873295,1.4659269956666,0.8875190170038,163.7046227699050,3127594.8624992700000,11.7668617580226,2.1971731103201,1.6187651316573,176.6667052957680,3119639.9983930600000
12.8686412454804,0.6006089501938,2.1135498043259,399.1496463366180,1967867.5749552500000,3.2010170769738,5.4344210344470,6.9473618885791,495.8535519752550,1938207.0509174500000
11.7271216270179,1.9312267944856,1.9244515784965,410.7612643631740,2981666.4225157400000,3.1924640665872,6.1985555747010,6.1917803587119,490.5738758032160,2961682.3161520300000
12.7661331023112,2.2311465979295,0.5855202997593,285.4784895211900,3049153.3292757000000,2.5584654201365,7.3349804390169,5.6893541408466,382.6341479250480,3032307.5999607200000
13.4987265855651,0.8082383737390,1.2758350406960,285.0337281984050,3039649.3779152900000,2.6482175407855,6.2334928961288,6.7010895630857,394.7058050798660,3023283.8895422500000
13.9347786810964,0.8585935936862,0.7894277252174,243.2105571107000,2600440.8531133500000,2.4384928456075,6.6067365114306,6.5375706429619,361.2935819496520,2582386.1256431000000
12.1594584919614,1.6546144629910,1.7687270450476,398.4148616112750,1402728.0359800900000,3.1629002860625,6.1528935659405,6.2670061479970,485.1107693443630,1359753.6034802900000
13.8548154429888,1.3595805344470,0.3684040225642,251.9121115891790,2790063.0216110000000,2.4565209605757,7.0587277756536,6.0675512637708,364.8239419327190,2772671.2330577900000
13.2345784083057,0.2948467392936,2.0533748524007,180.6919604610850,2482417.4691406500000,4.6484906337784,4.5878906265573,6.3464187396643,276.9049024912140,2470296.7006681000000
13.0855581552264,1.9367346115780,0.5605072331956,365.3495708566340,1613333.5061851200000,3.0089357054163,6.9750458364831,5.5988184581006,459.6179673748100,1576234.4735777400000
12.7096132343646,1.1098237131738,1.7633630524616,257.5679190013060,2633639.3239327100000,2.4571563326197,6.2360521640463,6.8895915033340,364.5796130060610,2615893.1626657200000
14.2475966202828,0.7164925423796,0.6187108373377,216.7067949122180,2607559.9856599100000,2.3046578107078,6.6879619471671,6.5901802421252,340.6090644764700,2590910.3146814700000
14.1245053867931,0.8639569266583,0.5943376865486,261.4797521823200,2898306.9738328100000,2.5430181258128,6.6547005571485,6.3850813170387,377.5877341841730,2881425.4919551000000
13.7995792460890,1.0768375816178,0.7063831722932,176.6214489464750,3635672.5193231900000,9.4215783743179,3.2658380175034,2.8953836081788,215.5396217382790,3628457.1031816900000
11.9508188416148,1.6434546592047,1.9885264991806,186.4246287593480,3332465.2110795800000,1.9615129180304,6.6381076209969,6.9831794609727,288.1362573054470,3322994.9609727200000
14.3642798464357,0.2381671739912,0.9803529795731,410.0059630540340,3829482.9613726300000,3.3091458521964,5.7657341711108,6.5079199766927,514.2995308265870,3813754.7648710500000
12.7637040722511,1.4951432561314,1.3239526716175,413.8931331034250,1451357.2420438100000,3.2603933004681,6.2467986420230,6.0756080575091,503.5751636658470,1408407.8325090000000
13.5126636321668,1.8401584968839,0.2299778709493,308.7575722416570,1937075.8030755000000,2.7322425447109,7.2303690406119,5.6201884146773,412.2268130772650,1908562.6436209200000
14.0986130843900,0.8024573462662,0.6817295693439,166.4991538534150,2632961.8293229600000,12.2949354043768,1.7042961862728,1.5835684093505,184.7107330371580,2622707.7620704600000
11.7574724240128,1.6636747927670,2.1616527832202,214.7992560907840,4079747.4287741300000,2.1170663226569,6.4838778434449,6.9818558338982,309.9037535504090,4070313.3048174800000
13.5184371967075,0.7499854739180,1.3143773293745,247.4717656572920,3591131.5352403700000,2.4327039036143,6.2928521204646,6.8572439759211,359.4526220034360,3578506.9103496000000
14.0147479440726,1.4159340497733,0.1521180061540,376.6495550946370,2610436.3662232500000,3.1058021838590,6.8704069298803,5.6065908862610,476.7252292300950,2587297.9665591800000
13.9631685836796,0.3475663505856,1.2720650657348,154.2513487918290,2266941.7407365100000,13.2154343560236,0.7214334644136,1.6459321795628,162.2391991539460,2255750.5568130000000
11.9743929915731,1.9373332294329,1.6710737789941,161.8745692575550,1471376.4067722300000,11.1082027830102,2.3704283337143,2.1041688832755,172.0810697896450,1450752.3894672100000
12.5338157147793,1.2787328127945,1.7702514724262,196.6412481317060,3448625.3783914000000,2.0632327954396,6.5140242724644,7.0055429320960,303.0475550995340,3438318.0936848000000
13.5545883667537,1.1153644243422,0.9128472089041,329.1558710879810,2769704.1197609600000,2.8752642368735,6.4550264892823,6.2525092738442,433.0590340510270,2749993.5943834100000
14.6157500381904,0.2409129373463,0.7261370244633,351.9553784417930,1879783.6981041300000,3.0614891828337,6.0180433650247,6.5032674521417,466.7082003647870,1849253.3991310900000
11.6849541256573,1.9765688239351,1.9212770504076,328.7778858256210,2538861.2981937400000,2.7785008582256,6.4297954576510,6.3745036841235,416.5761431153430,2517973.6418966200000
12.6061070576081,1.6967265012317,1.2799664411603,274.4549429749410,1789201.8082655900000,2.5346691251300,6.7324454674707,6.3156854073993,377.5259925455220,1761072.2286604600000
12.7157227630575,1.7596753963649,1.1074018405776,300.9744542710310,3479914.3134785900000,2.6668751318357,6.7840992119758,6.1318256561885,397.6466236043820,3465175.6294309500000
13.3752745088005,1.5266663346927,0.6808591565068,231.7845423477450,2368217.4407235200000,2.3240612745837,7.0522729518011,6.2064657736152,344.5228853699130,2348764.2175707100000
14.8162512486923,0.2012049431609,0.5653438081468,355.5352147524670,4031271.6061956600000,3.0687038468597,6.0749786440772,6.4391175090631,467.4420098524690,4017300.9317755900000
11.4977329035490,2.0552609445443,2.0298061519067,202.1515841489820,1349800.3686410800000,2.0628838884245,6.7726854521066,6.7472306594689,306.7597810873310,1320361.8752998400000
12.1326073014249,1.0757552115926,2.3744374869826,339.5500196088270,3704262.1354585200000,2.8611954035656,5.7114611605223,7.0101434359122,432.2179300435600,3690266.4301102200000
13.0169792645233,1.6299573805541,0.9358633549226,200.6490789834860,3117113.8273703000000,2.1058868645887,7.0855035805214,6.3914095548899,310.2038809193840,3104735.1612669600000
13.4215671726965,0.4291212175050,1.7321116097984,251.7017486313330,2862364.8939559400000,2.4698162970702,5.9049966553182,7.2079870476116,367.5320866240520,2846341.8165834900000
11.2812433882412,1.9946290413941,2.3069275703647,322.6707227613950,3186472.1426021800000,2.7253984425911,6.2725515142192,6.5848500431897,407.2852787648520,3170407.7375452100000
12.0338166902608,1.7888608692904,1.7601224404489,365.3427721017800,3407225.6436888900000,2.9814582242796,6.3150401022809,6.2863016734395,451.4950429205730,3390870.8511701600000
12.3435530895197,1.5616490765089,1.6775978339715,172.3907122069570,1574016.8353696800000,10.4691576356362,2.4988468034506,2.6147955609132,194.3235258885670,1554136.4429675100000
12.6899636805690,1.5138750150626,1.3789613043684,406.5105279873690,3844964.4094922100000,3.2095497436172,6.2540819835385,6.1191682728443,493.8906617920060,3829441.5178389900000
14.1462001347612,0.9511983069281,0.4854015583107,364.0966992959190,1341650.2174433600000,3.0835413613633,6.4825276936270,6.0167309450097,470.8143434890010,1296958.4621252300000
12.9222876802667,1.9009839707912,0.7595283489421,284.3544905432760,2153477.6178540900000,2.5846486882429,7.0698034668031,5.9283478449540,386.3006282860890,2129420.0821128900000
13.1285284748671,1.3680162393466,1.0862552857863,270.2969704483340,1821753.1476623000000,2.5455446554482,6.6595081490561,6.3777471954957,379.1237084305890,1794197.7721578500000
14.0219222164143,1.3607726335971,0.2001051499886,273.3123148426270,3986253.3777740600000,2.5648378742360,7.0893148046863,5.9286473210777,381.3243956252890,3973765.2998166700000
13.9276473031421,0.9110190622453,0.7441336346126,234.5524542765700,1497723.2667984000000,2.4036692112377,6.6730081081975,6.5061226805649,357.2884174052220,1466100.9395159600000
12.3731770833791,1.3624749187282,1.8471479978927,290.3483888851910,2985170.3599776300000,2.6141133854413,6.2420067676971,6.7266798468616,389.1789941462360,2968656.3222235700000
14.3264540429833,0.4734476705779,0.7828982864388,290.9729517115020,3147738.5453231500000,2.7225525258611,6.2753984291390,6.5848490449999,406.8346769620980,3131523.6714444800000
14.1498225094957,0.1459595747322,1.2870179157721,375.6652474969440,3188680.8678183300000,3.1454877050076,5.6481269769762,6.7891853180162,483.6772561598090,3170779.9157967900000
12.4074980415159,1.5277609432321,1.6475410152519,369.3734710598330,3807403.8363473000000,3.0197205319143,6.2216496980330,6.3414297700528,458.3203713686690,3792711.1731238200000
12.2899121332106,1.2789890333896,2.0138988333998,327.8318039334590,1462262.3352803600000,2.8221141413803,6.0128880293047,6.7477978293150,425.2884359975760,1425472.8328405200000
13.0772126902545,1.4307442907953,1.0748430189502,254.4961896142340,3668880.0039441700000,2.4312272518227,6.7537370100112,6.3978357381661,358.9449420364510,3656196.5935592900000
12.0852593530208,1.7507933184237,1.7467473285556,373.9962064859640,2833875.1523524400000,3.0307798769043,6.2780330564819,6.2739870666138,460.5640541233440,2813806.4229658400000
12.5560099290087,2.3716985454726,0.6550915255187,297.0598625086500,3313616.6258050800000,2.6061320531078,7.3466374834231,5.6300304634691,390.4720169388690,3297894.4186191300000
13.3079379084389,2.0092162140737,0.2656458774875,246.8006805872200,1915974.1992173200000,2.3810599242857,7.4726552061502,5.7290848695640,355.9909762275100,1890242.9899565400000
12.2464729225036,1.9489832644622,1.3873438130342,409.1644311119690,2875511.8441245700000,3.1993742112030,6.4725326201125,5.9108931686844,492.3904180734550,2854414.9914633100000
12.9391466485557,1.2445304114170,1.3991229400272,391.7602159720640,3337308.7892450500000,3.1577363460779,6.1352355626559,6.2898280912660,484.0137372350640,3319766.6246130600000
13.0740196578857,1.8324499040301,0.6763304380842,301.8431506399650,4073660.2160553600000,2.6718013383356,7.0335590638052,5.8774395978593,398.9999648603320,4060971.5187481300000
13.6520163351978,0.4374864690674,1.4932971957348,321.8031237363390,2589172.2723330700000,2.8597338371179,5.8336277181073,6.8894384447747,431.8078388921890,2568775.7702051000000
13.6929057495301,0.9739836934315,0.9159105570385,312.0243384506710,1547653.7093566700000,2.8068128718375,6.4170301322777,6.3589569958847,422.0042752096210,1512475.8610269200000
13.2025307747073,0.2602884713094,2.1199807539833,207.3368727943160,1466286.4278696500000,2.2323507437133,5.7453784868064,7.6050707694803,334.2168995622700,1438692.4574903200000
13.2535050932118,1.3569953291107,0.9722995776775,233.1439871571390,3125406.4096884900000,2.3244394325942,6.8215281594195,6.4368324079863,343.0167533731450,3111076.1412348700000
12.1414654285974,1.7625582017589,1.6787763696437,279.9748441908550,3608919.2928455300000,2.5298090117965,6.5683864101594,6.4846045780442,374.6423035715980,3595585.8613145300000
13.4332525759729,0.5671877698467,1.5823596541804,213.6147322183900,3304454.8652886200000,2.2367071366613,6.1654604895025,7.1806323738362,330.0330402124610,3292252.6802928300000
12.3797449161328,1.0393812037745,2.1636738800927,383.0292267839270,2301392.8004239800000,3.1000713014153,5.6792180111333,6.8035106874514,475.2037083444250,2276680.7382330900000
14.4349775182650,0.4406000835850,0.7072223981500,203.7549439205060,4045768.3347686200000,2.1969952404771,6.5595912224789,6.8262135370440,321.9639944537660,4036428.8109542800000
13.0124342586226,0.9221756591807,1.6481900821967,212.3544115483820,2808551.9228132800000,2.2115726764401,6.3226064502720,7.0486208732880,326.6077122003210,2794053.5026600700000
13.3109860685545,1.9217225920842,0.3500913393613,197.1154210128090,4066057.7730739900000,2.0449237165770,7.5547537680729,5.9831225153501,300.7264811367130,4057163.5626493100000
12.9732210526228,1.2968446715959,1.3127342757813,212.8353461973690,1513427.3438437800000,2.2235021715661,6.6717041121242,6.6875937163096,330.0268762535050,1485041.4334851900000
11.9070242036818,1.7573111416856,1.9184646546326,270.2528368126760,1900392.6494119100000,2.4797319422826,6.4709572723852,6.6321107853322,368.6017438762380,1874811.1020341800000
13.8245852749762,1.5185267258960,0.2396879991278,235.8642311155140,3547580.6605477100000,2.3418119610769,7.2599133828457,5.9810746560774,346.4305419194750,3534643.8650398000000
12.6741665971049,2.0548341621671,0.8537992407281,404.8527812204950,3951144.6816069400000,3.1750188380319,6.8044080417035,5.6033731202644,489.5215413898680,3935742.1800308900000
13.5050120011113,0.3007076695279,1.7770803293608,268.7372400069650,3569396.8783598700000,2.5599658191905,5.7732307604882,7.2496034203212,381.8017734802710,3556312.9921253900000
13.2509217709252,0.4889483619741,1.8429298671006,201.0093043542620,2157049.1688781400000,2.1813935101030,6.0237124923852,7.3776939975117,324.1714971689960,2139125.9395831400000
13.4670532953931,0.9734832342491,1.1422634703578,399.7471473556500,1740352.5947120100000,3.2302787298654,6.0918705170130,6.2606507531216,497.8196139350700,1705378.6217712200000
12.1365741096757,1.4890998334520,1.9571260568723,420.4105524262800,3758940.5147099700000,3.2570679902614,5.9288528931592,6.3968791165795,503.4384455465340,3743062.1228489400000
12.7847296534831,1.8426089491537,0.9554613973632,271.1281125828050,3576078.3141701300000,2.4984440868156,6.9857517324874,6.0986041806969,370.4095554118980,3562472.4360860400000
14.5390580919356,0.2328536744450,0.8108882336194,180.6689056696050,2085411.3562388200000,6.4809752785903,4.2618950811177,4.8399296402921,270.5091567002980,2070152.3463249400000
13.8919508703832,0.4690554478991,1.2217936817177,221.2258560717300,1960651.0439667900000,2.3369429444050,6.2465594108882,6.9992976447068,346.9295520997390,1938217.6113383700000
13.9808266431849,1.0907041017013,0.5112692551137,262.8066775270640,2230967.3295579600000,2.5428754489388,6.8096796988244,6.2302448522369,378.5270291414680,2208558.4510950800000
12.9353353661838,2.0756100674677,0.5718545663485,314.1913164263780,3705729.2327575900000,2.7226228979397,7.1819663015897,5.6782108004706,408.9438474917910,3691311.2921261200000
13.3265881523929,1.4368824576132,0.8193293899939,222.3704423875130,3684328.3643428300000,2.2475023868051,6.9764253404071,6.3588722727878,330.5474460357340,3672752.3268539500000
12.3496022814503,1.6140205360104,1.6191771825393,316.3846926694550,2954980.2663974500000,2.7471226289615,6.4152603622548,6.4204170087837,410.9940774107000,2937350.9429699400000
13.3981615431783,0.5716824501258,1.6129560066959,346.2955553996960,2958305.9450636600000,2.9668317295323,5.7873473569488,6.8286209135189,450.4960647328540,2939943.0934523000000
12.2862719337045,1.3762166062519,1.9203114600436,211.2020985887580,2129452.9902482000000,2.1681532755029,6.4352759353527,6.9793707891444,321.0462808769670,2110200.6242392800000
12.2177519812520,1.5129726252318,1.8520753935162,182.4072716362020,3327487.3219735100000,3.2089037577292,6.0173967369932,6.3564995052776,273.6952599692990,3318600.4494581700000
13.6438995358734,0.2100381092554,1.7288623548712,231.8825410082580,3609148.0355165700000,2.3558308169259,5.8540724687292,7.3728967143449,349.1382715060100,3597341.2658485700000
12.6014178048776,1.8149252747271,1.1664569203953,237.9828113315440,2580608.2628385500000,2.3153136488375,6.9579773527472,6.3095089984154,342.6289477116420,2562859.4502165100000
12.6732006803175,2.1759097181472,0.7336896015353,267.0700256810110,2594025.2739045400000,2.4620657337661,7.2814771914229,5.8392570748110,366.9851050521110,2574834.0322022700000
13.6139354994961,0.3840094457133,1.5848550547906,290.1688865664690,2650420.9842588200000,2.6930860416542,5.8444341746343,7.0452797837115,403.8139806679910,2631586.4854308400000
14.2660460605352,0.9515799009198,0.3651740385451,173.6023599968520,2109213.6430963800000,11.3736084314256,2.3977987154745,1.8113928530999,205.0868740199980,2094722.6241445100000
14.5987680696604,0.5861146328456,0.3979172974939,222.4450967767400,3258588.4234081200000,2.3422593077623,6.7143690137947,6.5261716784430,345.4815867416140,3245119.9530296700000
12.3979586505650,1.5719212016152,1.6129201478198,371.0800358844480,3920627.1264542700000,3.0260625541781,6.2578692498086,6.2988681960133,459.4317602213870,3906316.8302238600000
14.0393883808919,0.5697563755679,0.9736552435402,158.0647966071520,3934725.1066602900000,12.9114479650535,1.1337265834871,1.5376254514594,164.9530604495460,3930475.1935569100000
12.4790132543606,1.9204766876739,1.1833100579655,406.3637424959400,3466871.1379790700000,3.1893053393842,6.5653306451621,5.8281640154537,490.8301086997590,3449423.2883022100000
14.4483867161398,0.2186854130041,0.9157278708561,351.5713181481050,2055483.3705422800000,3.0518844009811,5.9169365705835,6.6139790284355,465.2778592034650,2027856.5774380500000
13.5520364293622,0.2519949279127,1.7787686427251,284.8560767697880,3299949.7362149200000,2.6544843834152,5.7007709508862,7.2275446656986,397.8394763342450,3285268.5075266600000
12.5657018153036,2.0205735168988,0.9965246677976,309.6729168424690,1682308.9298789900000,2.7076645794559,6.9495921348227,5.9255432857215,406.5548481237560,1650093.8074918700000
12.3684879170668,1.7391313004304,1.4751807825028,215.4902680169400,1658152.4137274200000,2.1908567707760,6.8279468735758,6.5639963556482,325.0096508906340,1632152.6164914700000
12.2105136828098,1.2616763092224,2.1106100079678,276.6422765776610,1853618.2744090200000,2.5424379798731,6.0957141606907,6.9446478594361,379.2358224137220,1827294.6438859900000
13.3176878151122,1.9068021716391,0.3583100132487,415.8124368431880,1722623.0885392500000,3.2538776981926,6.9387072300989,5.3902150717084,506.2439905821140,1685246.5821243400000
13.2746349894090,1.2064580855134,1.1017069250776,300.9183783719550,2996626.4842792800000,2.7125864848005,6.4874823378177,6.3827311773818,405.1862655043160,2979403.4719739900000
13.4664585665289,1.6912240486512,0.4251173848199,293.8334893019040,1512748.9012333500000,2.6665965846721,7.0911550395796,5.8250483757483,400.5421786356740,1476981.5434287500000
12.8660776869716,0.6726924338598,2.0440298791686,213.9200507315530,3684746.0443373900000,2.1958616497147,6.0078004524882,7.3791378977971,323.8642645517140,3674140.9149114500000
12.4847513564124,1.1428640107943,1.9551846327933,284.9357773219660,3396418.6224785500000,2.5900323546373,6.0902235116819,6.9025441336808,385.3020115755850,3382235.8890357900000
14.9304352572895,0.2848548226107,0.3675099200998,322.2405843359380,3984988.3102507100000,2.9042263782705,6.2979592621202,6.3806143596093,437.5137359177750,3971473.2510722800000
13.9736508637502,0.2854424304183,1.3237067058314,337.4414092789460,2728651.9355391700000,2.9544181009939,5.7950588117964,6.8333230872096,448.3515781765020,2708765.9092071700000
13.5702942714802,0.7939735854370,1.2185321430829,259.1621995245320,3199160.4055040400000,2.5068568044341,6.3256923189600,6.7502508766059,371.5758971288090,3184400.0573874700000
12.6763114920582,1.3992106680156,1.5072778399262,251.4125149982760,3881358.0860888900000,2.3958672352455,6.5394327964220,6.6474999683325,352.9810652018100,3869723.2718084000000
12.7955135714563,2.0122219479180,0.7750644806257,422.6830328726110,2861724.1659601600000,3.2684275523788,6.7757649574567,5.5386074901644,507.7545132600060,2839648.7583536800000
12.4143198286587,1.6641361503646,1.5043440209767,160.4159270821160,2118394.9772188500000,11.4290931593751,2.1567494850064,1.9969573556185,171.1849419768530,2105198.6936717300000
12.9757253038356,1.9215936174654,0.6854810786990,394.3063702638830,4130276.8018519000000,3.1357550818133,6.8415787284766,5.6054661897102,482.1340279397040,4115723.3714684800000
12.6931181383583,1.4825111800728,1.4071706815689,402.0671644284300,1405633.9950238900000,3.2031714447204,6.2274845268917,6.1521440283879,492.6461829122730,1362051.7225826100000
11.9260396221108,1.9414384299986,1.7153219478906,369.7467491095190,2246109.2618749100000,3.0010520440687,6.4039322190196,6.1778157369116,455.4547103470380,2220675.0211388000000
12.7151836254994,1.6618802859206,1.2057360885801,177.2445889089390,4121739.5092891800000,8.8152934828684,3.6118253572361,3.1556811598955,208.0881195231040,4115798.2588558100000
13.5777476206780,1.4451995033906,0.5598528759314,222.2764467483180,2358594.6133866700000,2.2806097016671,7.0937684628960,6.2084218354369,337.9664645094190,2339571.9375185000000
13.6067583779248,0.8887651941471,1.0872764279281,242.5584878297320,2196533.8947981600000,2.4262748794894,6.4790069433648,6.6775181771458,359.9163684171410,2175212.4279782900000
12.2543793265563,2.0005353343100,1.3278853391337,337.6049145801450,1650645.9152838200000,2.8472901364979,6.7040799293391,6.0314299341629,429.3571046990540,1616762.5422889100000
14.0842832573437,0.6693969079856,0.8291198346706,187.6886659100820,3955720.5417182900000,2.0648116946079,6.6791326893535,6.8388556160385,302.1202465725140,3947891.0089780000000
12.8112886491849,1.0875455907037,1.6839657601113,349.0587896085600,1692886.7964763600000,2.9563597059106,6.0150100623409,6.6114302317485,448.1342939878990,1659948.3251196000000
13.5454666668105,1.6441632585125,0.3931700746770,179.4662738035990,2263141.8863021900000,8.3962722317972,4.2187604760191,2.9677672921837,233.8557191136740,2248897.4711026000000
14.2753373582112,0.6567446184773,0.6507180233115,330.4370282325230,3902691.6879596600000,2.9126211413657,6.3381027269000,6.3320761317342,439.0268712465050,3888805.8726458800000
11.4785746483266,1.9540668692301,2.1501584824433,286.3920065124390,2748981.4557570900000,2.5388451559217,6.4239316154326,6.6200232286457,377.0409390059670,2731259.4860471300000
13.0832628285988,1.1402879832403,1.3592491881610,365.0182756118320,3084335.9024236600000,3.0368372615294,6.1635007667749,6.3824619716957,461.6675523378050,3066020.1675603600000
11.5059585211798,2.2158893175396,1.8609521612806,347.3502336385920,2991085.6074570800000,2.8592431635774,6.5392469963408,6.1843098400818,430.2716821914360,2972887.7771949200000
12.6024078093955,0.9645097378030,2.0158824528015,399.4268747135430,3324936.3872195000000,3.1833685124104,5.6740293862956,6.7254021012940,490.5813717211180,3307555.8801013900000
12.7261602925303,2.5527335099006,0.3039061975690,395.8946111952980,1385063.7939876500000,3.1053156699231,7.3631558212043,5.1143285088727,482.0610127023380,1339061.4145007600000
12.6620908525663,1.9647537941860,0.9559553532477,242.2290025555490,2830859.7944420800000,2.3309263215402,7.1303360596991,6.1215376187608,345.1932281703940,2814468.6242175800000
12.8800643286503,1.2234851045558,1.4792505667939,342.8538497244030,1393011.2546179600000,2.9267770595336,6.2001287391141,6.4558942013523,442.7079914770240,1352672.5682988700000
14.6783666581398,0.4082732271285,0.4961601147317,204.5955121653160,3698712.7362253100000,2.2281517151398,6.6333806986285,6.7212675862317,327.2522417524320,3688145.8405336500000
12.8339316139936,1.0547593463146,1.6941090396918,158.4293011800800,2285959.9987982900000,11.9100311786205,1.5167095640012,2.1560592573784,168.3958105798610,2274409.6985310800000
14.0445534300265,0.8026509376834,0.7355956322901,355.3644958614200,3755461.7807535400000,3.0267106337847,6.3115723358044,6.2445170304111,459.5949322537800,3740457.2761709900000
12.9759035801120,0.7045212161365,1.9023752037515,288.0061922228950,2013601.7446076900000,2.6508772005347,5.8670344059251,7.0648883935402,397.3516638375950,1988837.9659464100000
12.7393356815966,0.7024978136494,2.1409665047541,282.4585109563130,2986324.6318675900000,2.5981050472266,5.7731131308344,7.2115818219391,388.5020027075090,2970274.6092229100000
14.1036365940977,0.1801726530886,1.2989907528138,399.7033377065920,4019262.9493168500000,3.2493096141397,5.6073361430676,6.7261542427928,503.6687032779550,4004687.8605270000000
12.7839115101937,1.8868340484835,0.9120544413228,318.3231949646260,1438583.1479166900000,2.7680459793648,6.8947668138979,5.9199872067373,416.6768242187620,1400039.8618609600000
12.4473410786266,1.0564422525796,2.0790166687938,320.4759235264130,1456535.2115936900000,2.7945730781585,5.8828262528137,6.9054006690279,421.2376488547140,1420136.7973700500000
13.6990873021934,1.6781397961723,0.2055729016343,387.2060763583550,1359792.2989479700000,3.1416483301003,6.9568592822189,5.4842923876810,484.4405422952670,1313626.9225511600000
13.5814525101845,0.9039427068028,1.0974047830127,372.3150811701930,3276287.6911690200000,3.0951353372142,6.1471012932879,6.3405633694978,472.3235601969770,3258762.2243644100000
12.1957172757865,2.2212538714127,1.1658288528008,309.1751383096530,3036022.7272363800000,2.6760161850863,6.9811044167628,5.9256793981508,400.2972638494650,3018752.2767263600000
12.1758292913602,2.0605630733771,1.3464076352627,200.4866015585160,1630687.1000954000000,2.0799125779841,7.1085214300651,6.3943659919508,309.0894403119810,1606156.7633685400000
12.6325743440109,2.5958258269151,0.3543998290740,216.2212349169660,3609111.5171049500000,2.1216790927179,7.8512734525616,5.6098474547205,315.1983839572010,3597334.8235935000000
13.5198043831554,1.5989100927563,0.4640855240883,394.6772935290040,3091766.7027039100000,3.1708482539423,6.7733881573630,5.6385635886949,488.4816511230810,3072019.0125457700000
12.7971037351410,1.4586221328340,1.3270741320250,157.9140660800930,1503619.2195621800000,12.0767568738464,1.8187955634813,1.6872475626723,166.4175347076380,1483979.1227265700000
13.7541304829379,1.0665306563354,0.7621388607267,285.2127832293740,1500909.0204472000000,2.6648433527828,6.6111742214130,6.3067824258043,398.6243338940570,1465890.8471722300000
13.9198462530658,1.2591455053594,0.4038082415748,196.3478922083030,1694421.4269982600000,2.1654262357658,7.1363555140094,6.2810182502248,321.6955625804180,1670938.4424364400000
14.6333505700716,0.7126482072629,0.2368012226655,420.1158593009600,3587784.8270053300000,3.3517067755650,6.3534701045161,5.8776231199188,522.2068976388010,3570223.9691827900000
13.4004056842044,1.6786921475900,0.5037021682056,346.7036741833800,1567955.5279791100000,2.9387343634864,6.9095278079490,5.7345378285646,446.4406488022380,1530732.8582048200000
12.7844643869666,1.6599633724526,1.1383722405808,288.1301682667370,1989819.4968211900000,2.6157083674065,6.7443413822326,6.2227502503608,390.4030494086220,1963907.7031609900000
13.0599622777267,0.3525644329195,2.1702732893538,280.0203913735750,2006578.9465886800000,2.6143215844865,5.5753847795396,7.3930936359739,393.3853461608400,1982344.3743902400000
13.1061827723035,0.6417897704209,1.8348274572756,166.4548074519800,1603984.4167108000000,11.7706337557352,1.3095642787050,2.5026019655598,182.5537426341150,1585678.3667226600000
14.2385368617774,0.7684079521567,0.5758551860659,338.2242455451410,3789223.0046634000000,2.9478334407421,6.4137596626744,6.2212068965836,445.3862377670300,3774671.1389967600000
13.6357149717598,1.6279470533907,0.3191379748494,161.7109939502050,3324779.3219207400000,12.3368463825248,2.2773813480082,0.9685722694669,171.9287160617270,3317646.8391191000000
12.3014053546110,1.6968888544511,1.5845057909379,169.7189482297770,3427852.1864635200000,10.1303880066161,2.7823975284486,2.6700144649353,188.9819787602320,3420531.4148871400000
12.3686948889450,1.9948312814290,1.2192738296260,293.9753565201420,3186538.8109192500000,2.6091275845813,6.8746149336108,6.0990574818079,388.5670845189650,3170609.8392984500000
14.2002992049558,0.1900160599522,1.1924847350920,176.6974871155190,2797184.6407449700000,9.1782298806717,2.7010507220943,3.7035193972340,229.7730702015750,2787058.0592882600000
14.0337633788202,0.6435229026461,0.9055137185337,375.8090008652560,2246525.5917577600000,3.1418635595516,6.0894728122804,6.3514636281681,481.1891895159170,2220373.9660295900000
13.6807849462564,1.0990206985856,0.8029943551580,375.6429974138830,3219150.9706576500000,3.1081721764630,6.3853270834823,6.0893007400547,474.8281895876580,3201004.2223029200000
12.8390699017566,0.8628600207310,1.8808700775124,349.3933274932490,1640939.9054030900000,2.9622883816986,5.8012507807601,6.8192608375415,450.1080849026330,1607190.7259060200000
13.3583241041029,0.9812564871039,1.2432194087933,191.3628621239190,1728670.5011266600000,2.1262102202451,6.5973134290327,6.8592763507221,315.3601911651730,1707361.1587282800000
13.1430069790268,0.3454824241006,2.0943105968726,332.0510498026930,1357317.5248135700000,2.8934125405023,5.4702796433629,7.2191078161348,440.7818908029190,1317629.5396648000000
12.8477909400093,2.0906200194595,0.6443890405312,293.1322041329090,4096446.0178687200000,2.6031762333144,7.2129273728070,5.7666963938787,388.3413763049620,4084008.9970706300000
14.1786759412713,1.0558987039571,0.3482253547716,418.5409771148260,4114081.4158386100000,3.3161976104290,6.4871378693782,5.7794645201927,515.6845767705100,4098876.7341161100000
13.2809532736926,1.6760098787801,0.6258368475273,329.1216519886100,1659195.4707257800000,2.8468274435255,6.8930727938637,5.8428997626109,430.0751935112750,1625141.7809823300000
13.2000052892350,1.1839418974350,1.1988528133300,370.8912387972630,2655489.0776459300000,3.0713255210828,6.2482817815110,6.2631926974061,467.9930419271370,2633784.1160693000000
13.6067162115919,0.2836779573260,1.6924058310821,275.2481676086300,3204412.6095829700000,2.6066057743606,5.7837331759416,7.1924610496978,389.6059830324210,3189484.0776141100000
12.3604297999654,0.8787166912345,2.3436535088000,269.3400550442350,2141538.1432353100000,2.5122763526601,5.8027934148872,7.2677302324527,375.5430644070540,2119449.3874434300000
13.1329853846566,2.2116176615848,0.2381969537586,377.7866075309650,3488156.2551772600000,3.0384526104697,7.2588840486783,5.2854633408521,467.4463583940180,3470933.8005206400000
13.2433310912045,1.8952177109079,0.4442511978877,173.0376689010600,2918542.3489410200000,10.3308922852860,3.3514371138671,1.9004706008469,201.1947620397550,2908716.9348365500000
13.5565858010906,0.9496202881836,1.0765939107258,186.7551980995770,2540598.5270905200000,2.0879824989399,6.6839219392590,6.8108955618011,308.2619063178890,2527157.3537312800000
13.1410474880248,1.5490853218781,0.8926671900971,197.8552572208460,2074862.7660951800000,2.1216381080182,7.0587900118814,6.4023718801004,314.3604796319960,2055915.3264595800000
13.6311831476083,1.5556585327743,0.3959583196174,257.8988334413510,3485834.6149858800000,2.4633650156783,7.1395675987393,5.9798673855824,365.4406181274100,3471960.3561233300000
12.3510107256471,1.6342311034821,1.5975581708708,379.4608090235830,3905291.3425163300000,3.0643606323847,6.2775561501134,6.2408832175020,466.4710216069210,3890721.2520175000000
12.8408240035588,1.8810842181537,0.8608917782875,371.7285720822740,3412487.6984775800000,3.0304379368549,6.7862772515057,5.7660848116395,461.8320111326220,3395445.6800508600000
13.5451937140392,0.3426827843001,1.6949235016607,166.6900454508910,2479807.3904980200000,11.7788793598571,1.2258399613912,2.5780806787518,185.7517091631510,2469078.8707256000000
11.8899179770600,2.2176197616355,1.4752622613045,260.1951446893470,4021115.9367357200000,2.3846120817818,6.9702727092746,6.2279152089436,351.5206607977810,4009647.3666184600000
13.7723513153120,1.6199281765706,0.1905205081174,295.4177292202900,2040739.6193196300000,2.6819007948005,7.1651534368263,5.7357457683732,403.1167896805240,2014302.8728734100000
13.4498821253660,0.5734529495833,1.5594649250508,265.0366531488970,2846173.3977655900000,2.5437842804372,6.0265018720477,7.0125138475151,378.6711922311850,2829472.3991325500000
13.8363031600663,0.7506764168388,0.9958204230949,331.2933299087430,4068789.1240914700000,2.8974457127882,6.2201051404778,6.4652491467339,436.3461163697620,4055642.1856669600000
13.0056149095527,1.7971014457072,0.7800836447401,323.3206471364690,2076467.8556762800000,2.8008444203072,6.8994866903299,5.8824688893629,421.8899807910760,2049870.2445737500000
12.9816735524795,1.4482916501007,1.1528347974198,230.5876060694330,2025245.3997098100000,2.3117563286998,6.7832502619906,6.4877934093097,342.5928690708740,2002772.4920075900000
12.6130530477608,1.4443949655101,1.5253519867291,269.1357229886470,3990250.8886941100000,2.4934306222217,6.5042061782797,6.5851631994986,368.3623444971530,3978497.1451010600000
11.6574369886033,2.1336316661779,1.7917313452188,154.2744466755410,1498888.8108108200000,11.1164596576382,2.4041203316605,2.0622200107014,160.6397940118760,1479310.6672042800000
12.8273332764056,1.3997846723535,1.3556820512409,421.6015879286460,2168261.1210265100000,3.2972058137295,6.1648484036916,6.1207457825790,510.7293655941490,2139669.4729474400000
14.8608469288137,0.4621943419651,0.2597587292212,196.1384811364450,3015592.2490534600000,2.2047339148212,6.7902508489614,6.5878152362174,324.8488783114300,3002979.0219207700000
12.7936850365756,0.6019008878108,2.1872140756135,179.3157112003110,1889567.5215333800000,8.2850327821749,2.8562270150112,4.4415402028139,232.3040361801630,1873257.1277335600000
14.4177694567593,0.3902381093135,0.7747924339272,252.7850882553280,3144061.2767719700000,2.5203819726608,6.3389318513627,6.7234861759764,373.7691119803240,3128996.6019280400000
12.8972006706806,0.5257027458384,2.1598965834810,204.6806791018610,3615273.7477077500000,2.1419899110313,5.9033081256631,7.5375019633057,316.4056423093960,3605057.1896813700000
12.7346087796924,1.4079972853152,1.4401939349924,285.1537880924230,2754933.0518562300000,2.6017982001851,6.4744025750688,6.5065992247461,387.1451694154710,2736841.7233627800000
12.6074639401060,1.5262388213118,1.4490972385822,243.7001820958490,3187355.1942525100000,2.3533322487661,6.6533046669817,6.5761630842522,347.2701601379310,3173167.8645883100000
13.4538023981332,1.0473738968697,1.0816237049971,412.6500082786530,3608269.4581127700000,3.2761939151586,6.1361781383570,6.1704279464844,506.8051846180850,3591436.1803581500000
14.7527477168953,0.5238368604185,0.3062154226863,404.0116429948920,1976783.9274075500000,3.3008678044032,6.2497768166645,6.0321553789323,511.4966679659060,1945172.7706269800000
12.6484920362919,0.8834674427231,2.0508405209851,164.5388513598990,3042432.9214609000000,11.1305760457743,1.6424254379818,2.8097985162438,179.0550453140720,3034409.6822150000000
12.0004293649855,1.9463431391770,1.6360274958375,353.6488343626910,1626140.8973115300000,2.9247017267613,6.4842069582891,6.1738913149496,442.2793791629610,1591305.0181358300000
13.5861607319340,1.2190109872437,0.7776282808223,224.2769616860010,2795720.3942681500000,2.2968202323395,6.8636812370409,6.4222985306196,339.2957643426910,2779895.5560767300000
13.1578180255755,2.0241373636592,0.4008446107653,266.7026297424310,3729738.0035236800000,2.4694068739201,7.3683429394869,5.7450501865930,367.3902355235480,3716574.2037203400000
14.0762221137969,0.8134500577352,0.6931278284679,301.2123687352970,3970291.3131962400000,2.7470077306186,6.4780572493243,6.3577350200571,410.2748049445420,3957328.7377518100000
12.4891180749394,1.3058676131734,1.7878143118872,410.1954076604340,2744860.9954205300000,3.2309422593675,5.9349555209594,6.4169022196731,498.3060535790920,2723122.5779034600000
12.9383922417255,2.0311986439463,0.6132091143282,265.2973727913990,2105072.2545667300000,2.4723507571573,7.2642193862304,5.8462298566123,369.1093421361680,2081142.2131573100000
13.4873148133682,0.7078912911599,1.3875938954718,421.3224807456800,3192307.8861700500000,3.3259030992112,5.7885971482384,6.4682997525504,517.3559167152610,3173237.9244754100000
12.6211912911650,1.0663839482496,1.8952247605854,233.2015658445300,3960166.5310219400000,2.2907275333897,6.2316158271372,7.0604566394730,337.0344525379010,3949537.4133626100000
14.6351216631360,0.3886935526879,0.5589847841761,343.5032566286560,2778534.4151927300000,3.0091574693708,6.2016756495705,6.3719668810587,456.7129741978350,2758285.6349982300000
13.7626130008123,0.5129196271847,1.3072673720030,333.9095230373020,4125155.3030275300000,2.9121142289985,5.9381690130915,6.7325167579099,439.6681493124440,4112306.3188385900000
13.9119516384752,0.2743973506874,1.3964510108375,298.7989043518280,1872108.9320822100000,2.7630223058711,5.8488620169895,6.9709156771396,415.8925557039380,1844439.4851772100000
13.5539833457829,0.3745804740622,1.6542361801549,342.6771235697650,1622436.4529879100000,2.9677648014627,5.6676897462223,6.9473454523150,451.8955553471260,1588436.3183307100000
12.8639650910227,1.3225621902647,1.3962727187126,333.9617040991140,2162327.4507690000000,2.8729914587219,6.3180490064151,6.3917595348630,432.9351477919500,2137050.0827332300000
13.9115657224530,0.9816735301091,0.6895607474379,199.1645574144930,2449613.7531290100000,2.1793698924487,6.8477714451113,6.5556586624401,322.0174919859870,2433514.7828728600000
13.0193245530418,1.5100748450811,1.0534006018771,185.3319743227680,2520191.4817106300000,2.0349117068599,7.0022812681720,6.5456070249681,300.2698889328210,2506841.1586268000000
11.9992410723503,1.8487912226502,1.7347677049994,425.7461889541360,2203278.5371863100000,3.2780565897718,6.2093834639395,6.0953599462886,507.0198364026110,2175256.2489688100000
12.3065613154996,1.4877925440141,1.7884461404863,197.2294143143750,3312145.1957034600000,2.0544624241026,6.6138419897126,6.9144955861848,301.9048427330650,3301269.8933624500000
11.9032100775254,2.4262659993244,1.2533239231503,158.9978264664260,1566428.3164873500000,11.1595173723981,2.7981123518880,1.6251702757139,167.4899260216650,1547038.0547864800000
12.9637482045695,1.8151992291918,0.8038525662387,304.8911427878660,2466056.9952074300000,2.6991645046667,6.9474910791432,5.9361444161901,404.5020680834690,2444487.0828457200000
12.5691045543213,1.9994745346699,1.0142209110088,393.3951541247000,2156024.3316868900000,3.1313485422497,6.7183525407056,5.7330989170446,480.6027689234650,2127881.5123268100000
13.1956860009788,1.6275536309373,0.7595603680839,334.6923840514930,2188840.6591765000000,2.8730602175914,6.7888665226311,5.9208732597776,433.8736766735820,2163228.5241114600000
13.8853442544195,0.8216879858106,0.8757677597699,202.5595817416670,1606127.2791323000000,2.2242961311150,6.6522120474628,6.7062918214221,330.0008624840450,1580570.5092617700000
13.0039583294034,2.0372940752558,0.5415475953409,251.8209667136350,3022100.0532363800000,2.3886141993600,7.3449661402774,5.8492196603625,355.0154186841880,3006207.1388855200000
13.1024195416901,1.8918262850626,0.5885541732473,277.1603586838740,2119909.7971098000000,2.5506388684951,7.1677166216601,5.8644445098448,381.2600618778880,2095612.7438570800000
12.8562226551459,1.6333813865125,1.0931959583415,420.9320744679270,1750142.7007245500000,3.2883834190427,6.4173010045643,5.8771155763933,509.4451629709330,1714118.5802113800000
13.6933425248074,1.5837648072295,0.3056926679631,193.1677668145320,1301910.1359997300000,2.1265055671056,7.3671832860804,6.0891111468140,317.2988311322380,1271977.4317614700000
12.5856552403345,0.8416834364330,2.1554613232325,386.1242944134720,2122426.7095273100000,3.1257577744362,5.5716321693822,6.8854100561818,480.7062557704160,2095472.7706791900000
14.0074045828198,1.1433020623687,0.4320933548116,327.9550121761440,2897351.5374408400000,2.8792948650425,6.7073569212573,5.9961482137002,434.2857191420470,2878252.4556454000000
13.1073245172717,1.9421416888718,0.5333337938564,253.8511300369580,3825616.3553606800000,2.3989584829475,7.2963247060339,5.8875168110185,355.3790257336170,3813246.3422804800000
12.2625549072162,1.4922937696044,1.8279513231794,202.6949398852200,1422534.9334642300000,2.1244458831820,6.5613482816215,6.8970058351965,315.6633825040310,1394424.0636995100000
11.9484859189213,2.1032860046640,1.5310280764148,268.1978260623110,3923693.7462523500000,2.4393266809037,6.8578656236728,6.2856076954235,360.1039053105620,3911727.2763489900000
14.0582988238713,0.5504950989479,0.9740060771808,283.0380888447920,1679824.8504589800000,2.6834633644573,6.2379128286550,6.6614238068878,401.6073565997330,1649119.8740575000000
13.2126823242499,2.0337098474443,0.3364078283058,183.2888052700170,3717813.9495568900000,2.8429818464339,7.2185600863523,5.5212580672138,279.5447665694270,3709702.0355440500000
13.5900895467731,1.8169459220770,0.1757645311499,312.7040657758360,3621358.2872072800000,2.7432741226367,7.2403536341452,5.5991722432181,413.0421592743600,3606427.8122448300000
13.6536880992244,0.8603740817487,1.0687378190269,212.4277996117390,3961852.2667960500000,2.2124557159464,6.5809902733877,6.7893540106659,324.4468841104050,3951807.5606827100000
12.0629456143289,1.5782441074093,1.9416102782618,256.1548783259570,1698180.6094930400000,2.4150269650811,6.4022034320332,6.7655696028857,358.8792666035170,1670225.7827354500000
13.0109781799385,1.3048909707699,1.2669308492915,310.9042416383580,2763723.7209166000000,2.7545178000961,6.4331211606911,6.3951610392128,412.3758091139030,2744764.1241853200000
14.5598210488056,0.5524923551235,0.4704865960709,219.4984898023580,2474379.5923401600000,2.3432732063073,6.6607662763727,6.5787605173201,346.7038700104560,2456474.0105288400000
12.6717214015869,1.2063739131616,1.7047046852516,230.1616233404460,1803359.2684506800000,2.3075287001140,6.3884702638980,6.8868010359880,342.4041744927570,1778539.0681140000000
12.0284638861235,2.0881580072643,1.4661781066123,320.3170840925300,2968032.4761567800000,2.7385110881279,6.7331344062621,6.1111545056100,409.9831843776440,2950224.4563702800000
13.0087904895094,1.2743208233264,1.2996886871642,223.2175311075680,3058032.0044610700000,2.2604275331099,6.6485023015262,6.6738701653640,333.1866949322150,3044013.0547847000000
13.0411477263576,1.3285932895139,1.2130589841285,377.5278496061190,1921892.6472063400000,3.0983012914467,6.3000165069694,6.1844822015840,473.0984101501830,1891266.5170895400000
13.6103860890215,0.4609475927101,1.5114663182684,421.2150983232580,2807803.5396636700000,3.3337976158846,5.5992418292786,6.6497605548368,519.9729175621970,2786183.6388070600000
13.6135368984243,0.5493918310043,1.4198712705714,351.5486666658570,4168638.8479542200000,2.9936542723105,5.8593331440612,6.7298125836283,454.5119197745640,4155615.0960751500000
13.4788271840131,0.5178110375072,1.5861617784797,244.9100531357350,2720753.9709988400000,2.4355984768311,6.0394253910982,7.1077761320707,361.7554440602210,2704007.0621124100000
14.6983929129323,0.2577920818094,0.6266150052583,311.2031359848530,3315132.3124425400000,2.8474368942019,6.1832700911747,6.5520930146235,428.0627254993370,3299168.6091276500000
12.7357302855012,0.8049101206860,2.0421595938128,179.7442482072730,2493123.2994245200000,6.6704707057369,3.8375399105682,5.0747893836950,246.8986063710450,2481101.2480226300000
14.3587505804152,0.6480895286825,0.5759598909023,400.1410495793260,1400852.5462892700000,3.2720102570906,6.1914596903449,6.1193300525647,505.7677275645020,1356265.0326161500000
13.5628343514005,0.9516111826999,1.0683544658997,392.7844279570060,2149211.5123087500000,3.1987304708980,6.1336631229512,6.2504064061510,491.7977333405080,2121284.6412920600000
14.3963834969650,0.4759868710685,0.7104296319665,375.7019143862970,3624181.0395548500000,3.1479251165805,6.1002160612608,6.3346588221587,482.1919280441540,3608148.1077710200000
12.5725996623281,2.2784761067283,0.7317242309437,221.9609277393080,2304855.7726329200000,2.1976792936141,7.4659362910852,5.9191844153007,326.8248456961230,2285458.8127409000000
14.1455270131939,1.2641702789151,0.1731027078910,314.0423251833550,1541616.2399892300000,2.8144062323737,6.9297306693252,5.8386630983011,424.7171097374300,1505180.0192843300000
12.1462735038041,1.0817870471439,2.3547394490520,156.2134755963040,2782208.4757342900000,11.3140077790074,1.4979199095422,2.7708723114503,164.3731857168350,2773646.3521032300000
13.6035677288064,0.6965383940225,1.2826938771711,267.3715723791010,2363816.8827716300000,2.5674506343343,6.2145969412585,6.8007524244071,382.3334250109150,2343172.3546553000000
13.6461476065649,0.8693016298692,1.0673507635659,236.3104127624900,3444490.5641737100000,2.3720427276014,6.5063540693510,6.7044032030477,349.8562270219080,3431543.9323816700000
13.2201663182333,1.0433076779293,1.3193260038374,194.5697894300430,2821746.4754317900000,2.1090672909382,6.5988571915769,6.8748755174849,310.9102154070130,2808789.0534636600000
12.7755259672136,1.9921475019593,0.8151265308272,199.3394675436540,3633110.5446303200000,2.0560911669767,7.3518649020777,6.1748439309456,302.4649550097420,3622811.0667761000000
13.2981987339348,1.3342246342710,0.9503766317942,266.7164501916230,3669042.4192436400000,2.5131034693441,6.7267722665664,6.3429242640896,372.0273563196190,3655948.1648834800000
12.2105937303240,1.3188150731547,2.0533911965213,176.0072975330150,1849467.2968877700000,9.3866202758564,2.7308018003885,3.4653779237551,208.7004194440320,1832817.8604627300000
14.0258242553533,0.1910243894084,1.3659513552383,315.1925325768610,1658711.0249066500000,2.8556165063207,5.7761282639247,6.9510552297546,431.9296097632790,1626491.4925557700000
12.7719910988692,1.2540317865182,1.5567771146126,279.9750947549000,3680889.7890739600000,2.5704110028384,6.3548218345336,6.6575671626280,381.2310451253960,3667796.1896090500000
12.5958268146362,1.5944470146089,1.3925261707549,342.0820104712440,3149903.0980331600000,2.8897629430403,6.4474789504068,6.2455581065528,435.3975031471130,3132573.2978143100000
12.7050084062882,1.3140826678407,1.5637089258711,343.1690465802090,1346747.4254584200000,2.9192116575161,6.2069810422267,6.4566073002572,441.4116500970950,1305039.6830241600000
13.4502584304808,1.3552577730563,0.7772837964630,326.2344892830270,3898268.4201552300000,2.8377480800033,6.6615129482950,6.0835389717017,426.3118569017070,3884475.5005734700000
12.8837819574278,1.9333140338327,0.7657040087395,159.2746587543350,2794587.6656479400000,11.8432274743742,2.4535912753595,1.2859812502663,169.0082031022100,2785338.9290556500000
12.0799831968054,1.9870165493606,1.5158002538340,168.9904833565820,2879113.6212041200000,10.1170092985855,2.9685034984706,2.4972872029439,188.3584349775360,2869630.6922030600000
14.2410015935112,0.8059717148423,0.5358266916465,238.2095269098170,3058682.4039207300000,2.4158990252728,6.7185229989615,6.4483779757657,357.2491817965730,3043567.1808393500000
11.5424010264836,1.9784908867138,2.0619080868025,296.5185414715790,3505265.0317365200000,2.5921925069738,6.4535951464688,6.5370123465575,384.8680306429860,3491266.7563947200000
14.0302376613982,0.9263048506451,0.6262574879567,330.6270153409500,3780505.9284430100000,2.8967286807923,6.4930593409480,6.1930119782596,436.3900559210100,3766109.5916762200000
13.4540954114292,0.1653953113935,1.9633092771773,262.5028983833580,2410318.5001621100000,2.5393262431528,5.6227798955317,7.4206938613155,380.7059743621110,2390827.8356458900000
13.7115829044845,0.3228923954424,1.5483247000731,376.3148174878160,1545482.6469899500000,3.1393127438443,5.6090274757624,6.8344597803932,482.9635803941820,1507875.1485952500000
14.1473112313214,0.9481446537526,0.4873441149260,348.2670683248240,3428232.5664656900000,2.9908791883811,6.5263606752227,6.0655601363961,453.4750653003530,3411749.3733932600000
13.0599455558242,0.7307657156598,1.7920887285161,417.3472151437820,2262769.0646108500000,3.2946705719282,5.6134032076078,6.6747262204641,512.1485362872200,2236119.8110568000000
13.4764937486447,0.1724468272262,1.9338594241291,296.6481582121260,3735273.6511364700000,2.7077531400347,5.5568171315313,7.3182297284341,407.3619613585310,3722212.6007205900000
13.7300120426696,0.4979905891938,1.3547973681366,239.7402081824750,2377997.5932480200000,2.4252751599653,6.1503590305459,7.0071658094887,360.1774825350170,2358746.8339362900000
13.3185645333321,1.1839945108630,1.0802409558049,179.1536601188100,3701824.2830975300000,7.5327103350619,4.0769216099981,3.9731680549400,232.4369227075390,3694545.5063866800000
12.6666978558948,1.8089247026814,1.1071774414238,318.6245898139510,1811904.0239885200000,2.7686430409937,6.7579521101320,6.0562048488744,415.9836827949960,1781826.0269319900000
12.3982669968261,1.5709518695330,1.6135811336410,364.9494187434500,1675607.5970005300000,3.0081439642067,6.2660133858427,6.3086426499507,456.8398799308680,1641350.3264289000000
13.2830748022636,1.6175448169862,0.6821803807502,266.8730056337160,3851662.3890118500000,2.4972220547907,7.0104711907227,6.0751067544867,369.9912422239590,3839096.4935965100000
14.0988331479587,1.2489509518145,0.2350159002268,175.0672268773330,1427829.4725563200000,11.7029497593778,2.4468926461050,1.4329575945173,202.5480705288430,1404706.4023996300000
12.1227828052092,1.7053103310578,1.7547068637329,223.5461314550240,3291488.0535943300000,2.2043901101495,6.6645066785877,6.7139032112628,324.3114145467160,3278761.7361160800000
11.3790006206513,2.0947626695485,2.1090367098002,192.4092540552010,3427941.4243074200000,1.9574365995761,6.8055446800861,6.8198187203379,287.3058871270790,3418067.6943687900000
11.7701629642034,2.0636773222857,1.7489597135109,227.5574634993480,2567800.0680095100000,2.2105609933923,6.8434783076913,6.5287606989165,326.5043819200180,2550867.5601498100000
12.6655935525375,0.9754978234565,1.9417086240060,271.4634983644750,2401532.8590321200000,2.5374612370977,6.0395639811764,7.0057747817259,378.0811297387700,2381560.7715898700000
12.4773478785351,1.9748236519910,1.1306284694739,295.4913967259400,4141006.5755550700000,2.6140927270178,6.9064512277496,6.0622560452326,388.6221979958450,4128889.9699125200000
14.1725586191751,0.9823977391138,0.4278436417111,276.2491249297980,2457080.9255737300000,2.6248799576657,6.7562370698686,6.2016829724658,391.4992426093720,2436260.7569217000000
12.6714965919285,1.6224160574105,1.2888873506610,391.6025612147550,2576542.0513811700000,3.1410810836916,6.3876238115290,6.0540951047795,481.0744358730550,2553475.9491707800000
12.5452995682821,1.3272775087568,1.7102229229611,292.9823819076650,1754742.8738787500000,2.6469026069098,6.2764759894430,6.6594214036473,395.5418256132800,1725620.0937696700000
11.7864083856837,2.0951409865346,1.7012506277818,410.4398443753550,2245499.4237926200000,3.1909794958959,6.3928554314285,5.9989650726757,490.5494682085860,2218498.7686041900000
12.9564895604239,0.7187691490505,1.9075412905256,326.0077110679200,2210779.5931530500000,2.8468081449265,5.7736098567992,6.9623819982743,430.1481132700400,2186909.7133699000000
12.5628074186206,1.4183672741365,1.6016253072429,414.3235273962770,3894051.9253223400000,3.2445849850581,6.0774784909177,6.2607365240242,500.7090088291570,3878690.8483984300000
13.0348342194280,1.2600327930975,1.2879329874745,216.4351417925240,2016370.1198657200000,2.2406554274239,6.6571221890996,6.6850223834765,331.8082233611350,1995000.1355223200000
13.3476535018398,1.5146519522173,0.7204945459429,336.6097558663960,2200969.1461466800000,2.8926326213093,6.7421623924826,5.9480049862082,437.1104403549040,2175412.3171589800000
13.8907898936696,0.8176562971075,0.8743538092229,229.7818217821560,2485719.8333223000000,2.3639884898422,6.5810569990212,6.6377545111366,349.8706036832880,2467520.4177421300000
13.0744598627643,0.7716560261588,1.7366841110770,335.4190536543230,3353231.5927857500000,2.8917657235441,5.8630030957688,6.8280311806871,436.7961348245140,3337446.1385744100000
13.9202059753818,0.6020754310881,1.0605185935300,341.8587778762800,1716549.0256725300000,2.9771676813004,6.0735945781288,6.5320377405707,451.6045427729100,1683789.8542872400000
14.7824836598505,0.4252840684397,0.3750322717097,168.7660040977230,3826833.9930617600000,12.6839808627154,1.4745354670073,1.4242836702773,182.2350967685020,3821265.6119839600000
13.0673579015566,0.6953711713821,1.8200709270613,220.3220832207730,1541152.1005850300000,2.2894859494604,6.0843071474302,7.2090069031094,340.9068776339880,1513001.8048157000000
13.6946360824908,0.8625824075549,1.0255815099543,211.8350485074840,2639039.7312675800000,2.2463614259408,6.5867197358299,6.7497188382294,331.7236941949400,2623198.3667487900000
13.4647690581220,1.5117529212284,0.6062780206496,334.3218326557860,1388128.1686173400000,2.8890655006907,6.7996046999441,5.8941297993653,437.1383476033780,1346797.0226700500000
12.7194034259343,2.6728577099729,0.1905388640928,383.0522352015080,3484281.5448556800000,3.0219652433226,7.5215768012788,5.0392579553987,467.7366901133990,3466813.0378931000000
13.4242912704565,0.2610728159110,1.8974359136324,245.0716255190880,3330123.7416359000000,2.4257812020813,5.7603278500987,7.3966909478201,360.9096206466650,3316819.0146031100000
12.6657761051578,1.8641029713801,1.0529209234621,365.4234241538550,1922085.5138755700000,3.0047777987471,6.6946021245855,5.8834200766674,457.0598768322430,1891692.7908292100000
12.3152048881623,2.2407530154648,1.0268420963729,336.3916501461720,3271723.5880179100000,2.8204859329821,6.9881124930549,5.7742015739630,425.0805728033430,3254931.3406532700000
12.6826396485236,1.8745820824656,1.0255782690108,151.8534267519000,2916148.7740007900000,12.0299009324918,2.2009514404815,1.3519476270267,157.4829950854180,2908065.9490638600000
13.5069677419485,0.5084483683324,1.5673838897191,316.1990545725760,3766968.8175113000000,2.8121191273700,5.8558726756217,6.9148081970083,422.9047580115360,3753368.9949719700000
12.6425215535463,2.1589855437567,0.7812929026971,256.7488496877920,2919839.9262283700000,2.4011588897877,7.2796668756359,5.9019742345763,356.8031424674370,2903309.5103088500000
13.3807739339078,1.0622202534499,1.1398058126423,402.8135833802730,3915143.6257379300000,3.2257367983234,6.1397388212422,6.2173243804345,497.0028388839140,3899915.5916465300000
13.0360513945438,2.3537280535233,0.1930205519329,150.3176917676340,2516601.3416382400000,12.4600969627508,2.6417052694198,0.4809977678294,155.7316674915650,2506285.2046561400000
12.8340086334361,2.1826800571969,0.5661113093670,277.6359679508830,2338572.2230882100000,2.5256680492113,7.3368503493093,5.7202816014794,377.9494256893750,2316590.8662481300000
13.6375292350854,1.0352395435934,0.9100312213212,267.1203349890440,2718063.8004005100000,2.5517446598107,6.5781318312307,6.4529235089586,379.1183923994200,2699989.1443255300000
12.1478816278366,1.5892910477076,1.8456273244558,277.2129170239940,2042290.2089063500000,2.5333492524604,6.3965572353957,6.6528935121439,376.9405299049800,2018212.1939040600000
12.1839662128220,2.0029173167579,1.3959164704200,362.5640850959760,3994590.8800779500000,2.9608421931015,6.6144793266182,6.0074784802803,448.0932748068130,3980593.0218576400000
13.8048400401516,0.1899525486728,1.5880074111757,239.0022187835510,2653594.7612102600000,2.4259009391491,5.8794220991740,7.2774769616769,361.0756409762550,2636661.2193797700000
13.1883922008739,0.3465329035786,2.0478748955475,366.5880453539650,2036622.7666151400000,3.0606698192296,5.4103940944007,7.1117360863696,470.3725982777320,2009239.9706612900000
12.9223907556015,0.8692631385777,1.7911461058209,280.0945744241290,2550533.4971064100000,2.5981287390842,6.0313941468363,6.9532771140795,387.6303597362140,2531384.1821659700000
14.6144773393430,0.5213475627437,0.4469750979134,159.8705143822770,3337337.0326317900000,13.4229938477567,1.1170893085368,1.0427168437065,168.5826827586090,3330799.5734830300000
13.7317764421261,0.2341476654480,1.6168758924260,198.5413387286550,2466756.6171611400000,2.1910526613372,6.0045095558424,7.3872377828204,325.1779824413620,2451404.0055523300000
12.4108324799575,1.6136744098550,1.5582931101875,349.2052172159440,1827336.2281305000000,2.9270044288400,6.3555884354138,6.3002071357462,442.4687603514890,1796662.3318434800000
13.2498951596612,0.7934167200906,1.5394881202482,280.6821340584280,3783128.2368253800000,2.6049418476892,6.1158933760766,6.8619647762342,387.2699838971390,3770407.2593835400000
12.7114972969286,1.6304014211658,1.2409012819056,192.1510513209520,2994183.5511561400000,2.0437954044998,6.9642523673802,6.5747522281200,300.9967492298300,2982303.8491289900000
14.6045541890629,0.6757481670187,0.3024976439184,244.1503915455540,2383378.4697717000000,2.4798470254350,6.7381017488327,6.3648512257324,368.1725525770870,2363176.1297269900000
13.5346553909198,1.5097576569515,0.5383869521288,317.6394230000640,1942914.1856283500000,2.8014864852109,6.8763421098059,5.9049714049832,421.9742079658930,1914460.5381389600000
12.4705438882526,2.1846498043331,0.9276063074142,202.9216905074560,1935082.9413643200000,2.0938032310171,7.3730201329509,6.1159766360320,311.3625125421430,1913913.0727261600000
11.9428149544564,1.9548506431625,1.6851344023811,353.8058078336360,2814474.0847739500000,2.9173909818546,6.4675626294634,6.1978463886820,440.4361703876180,2794795.6476265100000
14.0149493557098,0.8001673681317,0.7676832761585,217.0264891358150,2556925.8691145100000,2.2946902832569,6.6602969043582,6.6278128123850,339.1565836161820,2539987.8556115200000
14.0452910924916,1.1434058942061,0.3941030133024,403.2091184056300,3449781.5660658000000,3.2432381687345,6.5444323560845,5.7951294751809,501.2746009613100,3431952.2469136100000
12.1567346445147,1.0015688591028,2.4244964963825,224.2609979253410,1504303.9337523900000,2.2534783135746,5.9531970245729,7.3761246618525,336.1631768034960,1475666.8132282300000
14.3211185956192,0.6928801798269,0.5688012245539,361.2780045875170,3757266.9655518300000,3.0679407990923,6.3194690780904,6.1953901228174,467.1798726128800,3742054.8452342400000
12.3476773878716,0.9035697778583,2.3315528342701,202.0707055944520,3271652.6802179300000,2.1005630377156,6.0271269529363,7.4551100093481,310.2911522678350,3260442.6901075400000
13.9171340077161,0.3140050617891,1.3516609304948,229.3494957662520,1696289.4135058800000,2.3923958397631,6.0763741457657,7.1140300144713,356.2439413025700,1669598.1346561600000
13.7621159740895,1.1303437359627,0.6903402899478,175.1473159774840,3789366.3468781900000,10.1472212474822,2.9377910992663,2.4977876532515,205.0946802703840,3782778.1577691600000
13.4059836599406,1.0266503120871,1.1501660279723,309.0337890629900,1879518.9615345200000,2.7761319398992,6.3415761721078,6.4650918879930,416.6366914204140,1851161.3368774600000
13.5162682102921,0.2346633371106,1.8318684525973,338.6082551493240,3061285.7731162200000,2.9333088293975,5.5261430275579,7.1233481430446,446.4382468620090,3043945.6277491500000
13.1074724175985,1.6866682555534,0.7886593268481,300.8596996269290,2874830.4525977300000,2.6855557137714,6.8976266074670,5.9996176787617,401.6716715214750,2856591.1248086700000
14.7189605773632,0.3566718286028,0.5071675940341,267.5011603564480,1770741.6068942600000,2.6338915860461,6.3992063242613,6.5497020896926,393.2848068140520,1742003.0465128200000
13.6729566821360,0.5332984951280,1.3765448227360,327.8662076750490,1316393.8975678500000,2.9008553362993,5.9193491680464,6.7625954956544,439.0749188498980,1274530.8882163300000
13.1095472451179,1.7870583891560,0.6861943657261,328.7424659276610,3537306.9267796900000,2.8222080275901,6.9307279979199,5.8298639744900,424.9041049002760,3521876.4175331300000
13.2223280179525,1.4635951733759,0.8968768086717,337.4086241297240,3517883.9131404900000,2.8872458680079,6.6311362483481,6.0644178836439,435.1414384071030,3502292.7870297500000
12.7422916256879,0.1961080043764,2.6444003699357,325.4771321018870,2521101.1218494600000,2.8217262525060,5.1563906909674,7.6046830565267,431.4119079794310,2500922.4761315800000
13.9349528630371,0.8004288853384,0.8474182516245,410.8680552181950,1464758.2248235300000,3.3034587918339,6.1161759209399,6.1631652872260,511.8616730682560,1421941.2948025600000
12.9046751294180,0.8186492192053,1.8594756513767,207.6660385895820,2998666.2861792600000,2.1753293816494,6.1833220930896,7.2241485252610,321.2722567031750,2985614.3595578100000
14.1326512449894,0.4515120822887,0.9986366727219,345.7617499481100,1805050.2088586900000,3.0078470546222,6.0139141774723,6.5610387679055,457.1525246277870,1773744.5821493000000
14.9062014192191,0.4336725704830,0.2429260102979,215.1996392502880,3412970.9156423000000,2.3122681782129,6.7306391909861,6.5398926308011,340.6262769669060,3400505.4424309500000
13.6250244680509,1.1403169204186,0.8174586115306,182.9533643920560,2849444.0448289900000,2.1081595169218,6.8987493959831,6.5758910870951,301.3496700159800,2838258.0124365700000
13.9649283537800,1.0693453290051,0.5485263172150,317.6158876292350,2033886.4344791000000,2.8360338978952,6.6337925569474,6.1129735451574,426.9893823596680,2006833.1561437000000
11.3410573498699,1.9375721812399,2.3041704688902,274.2380043625870,3959464.5700282000000,2.4548020034581,6.3806998544458,6.7472981420961,362.3365881506220,3947832.6742125500000
13.1658515435403,1.3017809022526,1.1151675542072,276.6082362470880,3498764.1361747100000,2.5674547538761,6.6009792970847,6.4143659490393,380.8767008082400,3484790.6200450700000
12.4114597089807,1.8724507768763,1.2988895141430,332.6967515259600,3872389.1234612400000,2.8194949187470,6.6684331719932,6.0948719092599,423.1515697008720,3858577.0750463100000
13.6486588321124,1.1883438084287,0.7457973594589,362.5988020858100,1499514.6962007800000,3.0511757766806,6.4870853361446,6.0445388871748,464.8810376876810,1460102.3718538300000
13.5423969614190,0.1677624698029,1.8726405687781,246.6601717097450,1832231.7670307400000,2.4664740054118,5.7057239478065,7.4106020467817,369.3570779647000,1806987.2800375200000
14.8810010903042,0.2137321562617,0.4880667534341,332.7146491471210,3437510.6983011100000,2.9634280259953,6.1725186884161,6.4468532855885,448.3524049788190,3421530.5126689300000
13.0842771991883,0.5242476474513,1.9742751533604,264.8597708316640,3320473.0726841900000,2.5172723419215,5.8077500760847,7.2577775819938,375.0331328910920,3306543.4151902100000
13.1770103378725,1.1241942257534,1.2815954363741,382.3724461428010,3553279.4265474800000,3.1223618605171,6.1515184644312,6.3089196750518,477.3435564965850,3537010.7069283800000
11.9292414741727,1.6194973351317,2.0340611906957,379.8850420647600,2755519.9155458600000,3.0574378421420,6.0553991511470,6.4699630067110,465.6777371521850,2734915.6089173100000
13.8292231717476,0.4875593472052,1.2660174810472,220.7777138552450,2533940.8012076200000,2.3195103795973,6.2424157432804,7.0208738771224,343.4959458209760,2516912.7320445200000
12.4825387971307,0.8400328605831,2.2602283422863,319.3151633603540,3072587.6792454700000,2.7794294703760,5.6915875239604,7.1117830056636,418.7836852075830,3056054.3523520700000
13.2349615828018,1.4745787912407,0.8732596259575,310.7007694095150,3781738.4849490400000,2.7452850765174,6.7194170443829,6.1180978790997,410.5210643871540,3767908.9297828500000
13.5818196053058,0.8643762922068,1.1366041024874,299.2440570463370,3245311.6160426500000,2.7243924936113,6.2930898480540,6.5653176583347,407.0458381929420,3229567.5545395800000
13.3283094525226,0.8344933432725,1.4199972042049,390.1037249308100,2818416.9296623700000,3.1755259566176,5.9108850912250,6.4963889521574,487.8965316766840,2797655.9616694500000
12.6981175941798,0.5409003446815,2.3437820611387,223.0790113072740,2166564.6893103600000,2.2748736649780,5.7525223092824,7.5554040257396,339.4592821782380,2147092.3231498900000
14.0159070426586,1.0841592362051,0.4827337211364,237.7884448327720,3341510.3280884600000,2.3871408143753,6.8985423503467,6.2971168352780,352.6468368157320,3327759.4055872600000
12.8255287437023,2.4674607312387,0.2898105250590,182.9032133309570,2406671.5403677600000,5.3464641495597,6.2069930283100,4.0293428221303,259.0106866096830,2392650.1950404800000
12.3600401795014,2.1592068684876,1.0635529520110,409.3929338151980,2946286.4936243100000,3.1912476030407,6.7436031567179,5.6479492402413,492.2434918033030,2925434.9529339200000
12.9484916279399,1.0820415140741,1.5522668579861,328.1723174924170,3874796.7704025600000,2.8402647005146,6.1361549777867,6.6063803216987,426.6184141046770,3861284.0593458800000
12.1256339123579,1.4856839351201,1.9714821525220,282.3318500858930,3744552.9380863400000,2.5487915287927,6.2741051269027,6.7599033443046,377.7989526839440,3731837.6723985300000
13.8373340881023,0.8200765815397,0.9253893303581,326.4514812470700,3906515.8119133500000,2.8719435431089,6.3027718540364,6.4080846028548,431.8711238340700,3892860.8142177000000
12.1242112482290,2.1568428769518,1.3017458748193,300.3416465053870,4023108.9651950100000,2.6228911176578,6.9075029422374,6.0524059401048,390.2074825702530,4010568.2763622700000
12.6213020212522,1.3306884155551,1.6308095631927,328.6579685609030,3664761.9522223700000,2.8255127865258,6.2285830329183,6.5287041805559,424.0156802481390,3650442.9439157100000
13.9750156233355,0.6609071926644,0.9468771840001,300.1125177839000,1303937.7034794900000,2.7692649967576,6.2637825059533,6.5497524972891,415.9659674741610,1262718.8163544700000
14.5915677525622,0.5161267999155,0.4751054475223,349.0088672800280,1308963.0229166500000,3.0421794873808,6.2908209325063,6.2497995801130,463.0420185756200,1264160.7836138800000
13.0168299592836,1.4214636983382,1.1445063423783,294.2087043944800,1553659.5673243800000,2.6706000513860,6.5945786522870,6.3176212963271,399.4996551529050,1519798.4871381500000
14.5068174962997,0.8336568208732,0.2423256828271,424.2624762573550,2056109.3184925300000,3.3725050945063,6.4008130217700,5.8094818837238,526.2199504236160,2024796.8669864800000
13.7729777184864,0.2901571667929,1.5196651147207,210.3547505422990,1366116.1448587100000,2.2851111889961,6.0340904315380,7.2635983794659,340.7048868838440,1335271.1603461800000
14.5216928614524,0.5907651521325,0.4703419864151,179.2003234170630,2529845.9745370500000,7.6508031190440,4.0262100233367,3.9057868576193,252.0368342281940,2517686.7572465700000
14.7287895654249,0.2634870561901,0.5905233783850,180.2765002084020,2289088.4098367600000,6.1826439546621,4.5365598615715,4.8635961837664,273.4777949964300,2275336.8073679100000
12.7943534968305,1.5494341473443,1.2390123558252,167.5512183891290,2869926.4065923400000,10.9440518200240,2.4745849857476,2.1641631942284,185.6586615307670,2860603.8064361100000
11.9561930613734,1.9937014247083,1.6329055139183,261.6640788567050,3985890.3394909100000,2.4054454004590,6.7690752551655,6.4082793443755,354.4666573950380,3974350.3129043900000
12.5848593513922,1.9901297797599,1.0078108688479,273.7509237303530,2165648.3964717900000,2.5119561277249,7.0265813915936,6.0442624806815,374.2983606576380,2142391.3904736000000
13.4105826700009,0.7205619704258,1.4516553595733,250.9652648073350,2280445.9021687200000,2.4682762901521,6.1917151603502,6.9228085494977,366.8469740852750,2259843.8468217300000
11.8705164607531,1.9048907468798,1.8073927923670,360.7272808742730,3792492.3108996900000,2.9468968852143,6.3667005346493,6.2692025801364,445.1805833721960,3777987.1338839600000
12.2915850803156,1.5391772561855,1.7520376634989,323.2994007735110,2287387.1012197500000,2.7879602835613,6.2909896545626,6.5038500618761,418.3907130043330,2264211.2140129300000
14.1687174504577,0.2206195858026,1.1934629637397,363.0665864129720,1700549.1688452500000,3.0977031434818,5.7561267392906,6.7289701172276,474.3965677274160,1666711.0405590200000
13.4486363735620,0.8374499048865,1.2967137215514,407.4675853969540,2772616.9705225500000,3.2619721251315,5.9307820291018,6.3900458457668,504.2771228725570,2750893.0407020900000
13.5916184546188,1.3007193473117,0.6904621980696,418.4764757048320,3784303.7829859000000,3.2956632357938,6.4486969567242,5.8384398074822,511.3045828487640,3767892.1967675700000
12.1535139855648,1.6006542883958,1.8286317260393,202.9998244420660,2414509.4918595800000,2.1004443594117,6.6271891014724,6.8551665391159,310.3563693764410,2398352.7139814400000
13.6360203711790,1.0812833721066,0.8654962567144,188.3292799808470,3317503.6878034300000,2.0685810964507,6.8650030094708,6.6492158940785,303.9553715793330,3307403.5374066000000
13.2484269350427,1.9951279929696,0.3392450719877,342.1695090349070,3120922.1155925900000,2.8817716767131,7.1784556221344,5.5225727011526,437.4978206766150,3102700.9522497600000
14.1859143297949,0.5120824996315,0.8848031705737,175.8943273898630,2606125.6476205800000,9.9278585543733,2.6411103873423,3.0138310582845,221.0244534576820,2594971.5108655100000
12.7974897500075,2.0549859584658,0.7303242915268,295.0116154651770,2673492.0320867600000,2.6259050738761,7.1407782965314,5.8161166295924,393.0205911883200,2653926.8868363800000
13.3114812581147,2.0563042026120,0.2150145392733,296.3750042764300,4054148.4251602400000,2.6308363319935,7.3966266656726,5.5553370023339,394.4297945947120,4041291.5833407100000
13.7778124467209,1.1270474525807,0.6779401006985,387.6745879445600,1542142.9291890600000,3.1779117634967,6.4269977941927,5.9778904423105,488.1937810591060,1502454.4998184000000
11.8594189976491,1.5805091978814,2.1428718044695,283.8195200603800,2111503.8680006200000,2.5559638627559,6.2322367653280,6.7945993719161,380.7210967733990,2088244.1674953300000
13.2513197943698,0.7933669096891,1.5381132959411,258.5939556954140,2596321.1970706400000,2.4970922984779,6.1704806576351,6.9152270438870,371.0591396126150,2578123.2417464700000
13.1746725998629,0.3553687828001,2.0527586173370,335.3149945500310,3003956.6655864100000,2.8986775853651,5.4933662900490,7.1907561245859,440.7245648435830,2986493.6295084900000
13.7427457202053,1.1665144078141,0.6735398719805,354.5871923933610,3845139.0014021100000,2.9990034356975,6.5383855500681,6.0454110142344,454.8635898374720,3830452.1774096800000
11.4727056981093,1.9771531567469,2.1329411451437,293.5344809997470,2660391.5086641600000,2.5782243526488,6.4243938294772,6.5801818178740,383.4460045260890,2641793.9193284400000
13.0707102513793,1.8810826675617,0.6310070810590,245.9686972725970,2568513.5795349900000,2.3723555225608,7.2302600319709,5.9801844454683,352.4496336117070,2549934.0921381300000
11.6899437043865,1.9307699903157,1.9620863052979,191.3992420575450,3463936.3259270500000,1.9692376617953,6.7911230116113,6.8224393265935,288.9597897879710,3454261.8949406100000
13.3184550413259,1.0294584123551,1.2348865463190,311.7614105558830,2656940.3508424600000,2.7805984235911,6.2983867212225,6.5038148551864,416.8981337680920,2637157.2562588900000
14.0404439666885,0.9332462263169,0.6091098069946,222.3521076928750,3796399.3180678400000,2.2924952865299,6.8072205663962,6.4830841470739,337.0629435834320,3785132.2543226300000
13.2634466261171,0.4628554351547,1.8564979387281,162.2693294687940,2652884.8359063100000,11.9654163683426,1.1118705640420,2.5055130676154,175.6513578239010,2643406.8365101600000
13.9057275436685,0.8117482405619,0.8653242157696,358.3615817558050,2744503.0126558600000,3.0444577963431,6.2423831142246,6.2959590894323,463.0740242058960,2723712.4230264900000
13.1098202244233,1.2903176022486,1.1826621733281,217.0087587585860,2713548.8978047900000,2.2336448731175,6.7284052779015,6.6207498489810,329.6750653087300,2697892.0678595500000
12.1133207356711,1.4970958095836,1.9723834547454,272.1030383885360,1965459.4467692500000,2.5065635523632,6.3004744012375,6.7757620463993,372.9404774341220,1940756.2052427200000
12.9866296737552,0.5302671221899,2.0659032040549,339.8317194931500,1548101.4739862700000,2.9230959535374,5.5620339822988,7.0976700641638,444.9867866166330,1513043.1029736100000
13.8526650788619,0.4983998730444,1.2317350480936,249.1469860709140,1495411.6094658300000,2.4960681242416,6.1766983503546,6.9100335254038,372.1135542137740,1463204.3511896800000
14.1597768969668,1.0481895646815,0.3748335383517,353.2298605071320,3876333.7109332800000,3.0074075699025,6.6243742282136,5.9510182018838,456.6770253898190,3861656.8569242800000
12.5501826470738,2.2086252831397,0.8239920697865,258.9392631769390,1976186.2884420100000,2.4165873422534,7.2754229355499,5.8907897221967,360.4157412567460,1951115.3174620300000
13.2758868027138,0.5282724244260,1.7786407728602,338.6227792831620,3798627.7039546700000,2.9154061975739,5.7085127269960,6.9588810754302,441.6223230025850,3784748.0977227900000
12.3437141748181,1.1726966464675,2.0663891787145,344.3170907722570,3364031.7697229600000,2.8987670656131,5.8951702010700,6.7888627333170,437.8533277347470,3348235.8919389100000
13.5727625166985,0.4746317244871,1.5354057588144,272.0762940938100,3831157.6798242800000,2.5769804360026,5.9725227648351,7.0332967991623,383.2283792182760,3818832.9244715500000
11.8176865247440,1.8115384005654,1.9535750746906,155.4034241007160,4020205.8200669300000,10.9764851757700,2.2321390750523,2.3741757491776,160.2679698061290,4016078.2887361100000
12.6558548535557,1.6280042418516,1.2989409045927,241.3167749390840,1705098.9077877500000,2.3554518291356,6.7782057540616,6.4491424168028,349.7056001010400,1677509.3415828000000
12.4525018107988,1.1740393069844,1.9562588822168,267.1094211259460,2442310.4200679100000,2.4984789538340,6.1510507354669,6.9332703106992,371.5072087130880,2422852.4686463600000
12.6887026929168,1.0304283668068,1.8636689402764,224.5946368672500,4143632.2061736600000,2.2369031431446,6.2563281416929,7.0895687151625,328.4278515368810,4133838.2380860200000
13.6159695222492,1.3492440543465,0.6175864234042,204.3868482743460,3169902.6753575900000,2.1630866753034,7.0756854778195,6.3440278468772,318.7107497554410,3157300.2863795800000
12.2750788277976,2.0496819997428,1.2580391724595,376.7950470493220,3899588.3604164100000,3.0326648712983,6.6708889779925,5.8792461507093,461.5365495629430,3884832.2128549300000
12.3416545053348,1.8748789753507,1.3662665193145,268.6583089897820,2698468.1757667200000,2.4771984349401,6.8071070105480,6.2984945545118,367.5062974563110,2680461.1451270700000
12.7662697040778,1.0627145522532,1.7538157436691,395.0247833747540,1340869.9180481700000,3.1815599492639,5.8550694296601,6.5461706210759,489.3181985186530,1296218.2380789200000
13.0748286675407,1.1841093483731,1.3238619840862,257.9665067472810,3106352.9988609100000,2.4680267226842,6.4875103208013,6.6272629565144,365.3491122902010,3091204.1190751000000
12.0012827314681,1.7122526325559,1.8692646359761,362.2755709191700,1970176.5530222900000,2.9744217596349,6.2256831184724,6.3826951218927,450.7749168884400,1941565.3528467900000
13.8652600182198,1.3124918148109,0.4050481669692,259.5144586957580,2829558.4920522400000,2.5016290683442,6.9943072897487,6.0868636419071,371.7864614560150,2812165.2970449400000
12.7134963396833,2.0056827097862,0.8636209505306,373.1498904649070,3402476.6879359900000,3.0279122639337,6.8484747476610,5.7064129884054,461.7479265627080,3385332.2750443500000
13.1190812936655,1.4092782266986,1.0544404796359,358.4012793259550,3061505.7943203100000,2.9962521609862,6.4706927930383,6.1158550459756,454.4376424902200,3042996.6529070900000
14.0999305553392,1.0812061175276,0.4016633271332,254.1611703744880,3006262.6928062300000,2.4890356917890,6.8866535493027,6.2071107589083,369.2278354787490,2990155.2116680500000
14.3115297769443,0.6266443632178,0.6446258598380,209.6212208053450,2556961.0360958700000,2.2708119703311,6.6470032665244,6.6649847631446,335.5281439834590,2540532.2154284800000
13.7321734259635,1.3462824787547,0.5043440952818,368.1523921588680,2008101.3911703700000,3.0687296936712,6.6780043449009,5.8360659614280,468.6777192558280,1978491.5253956800000
13.0485697147352,0.6485342899276,1.8856959953373,412.0078796705440,2543985.0259562200000,3.2672723521557,5.5391829712173,6.7763446766270,507.4879969580380,2520623.7479751800000
14.1108331896070,0.5942613870422,0.8777054233508,240.4080598047570,1329514.6210131500000,2.4593838463374,6.4199860586771,6.7034300949856,366.1464598752280,1293346.9010779800000
11.8473933062913,1.9419820096413,1.7934246840674,335.2689662446800,3065582.2022286400000,2.8170506710413,6.4571533272663,6.3085960016924,422.8274438007230,3048170.1777505300000
13.8166875128482,0.4273209707880,1.3387915163638,271.0660151940000,4078128.0457723400000,2.5802962202785,6.0455166170729,6.9569871626487,383.2215833602840,4066549.3187419800000
13.5738895705262,1.4135574578234,0.5953529716503,380.0461643825570,1576794.9182938400000,3.1220702914883,6.6394670973424,5.8212626111693,478.5018028345940,1538218.1282558500000
12.7894236521614,1.1216976887598,1.6716786590789,362.2037736705740,1403212.6338024300000,3.0221372554134,6.0053408871337,6.5553218574528,459.8401269101030,1362374.6802291100000
13.8994203127918,1.4312295800181,0.2521501071901,196.1619785565430,3870081.8228446800000,2.0903470812396,7.3357661957942,6.1566867229662,307.1483929073730,3860701.3440694300000
12.2596776835287,1.8501202244987,1.4730020919727,387.9066121217720,2016129.9586667400000,3.1056762521181,6.4271209402040,6.0500028076780,474.6264265908260,1986709.3097714100000
12.6123392120589,0.7730094575817,2.1974513303594,423.2047144022950,1325853.6631346800000,3.3043297303486,5.4270141984369,6.8514560712145,515.4604597547020,1279793.6013367100000
14.3422194747491,0.2585994606900,0.9819810645609,291.9808739955740,3663268.7871993100000,2.7278293509077,6.0657945226108,6.7891761264816,407.8307587981740,3649554.1150808600000
12.6136182541724,1.7519249321166,1.2172568137110,394.0615623830400,1707448.3659914200000,3.1506102538492,6.4834289322781,5.9487608138726,483.2052546954500,1671919.4645133800000
12.4217844415045,0.9678557166145,2.1931598418810,312.2951912651450,3851612.6768236100000,2.7327253198287,5.8123852774524,7.0376894027189,409.6619332922170,3838706.1729716100000
13.0815262244324,1.7224881860744,0.7787855894932,192.7116482290680,1576592.6796625200000,2.0890841976206,7.2187091994803,6.2750066028991,310.7967815107030,1552387.9456881500000
12.2823126503052,1.7060248488361,1.5944625008587,205.1621391086570,2322424.2936210600000,2.1173619936465,6.7885001771654,6.6769378291880,312.9851643225400,2305198.7040135800000
14.2475930201932,0.7792008954818,0.5560060843251,262.3195350503380,3020919.6465837200000,2.5540151812059,6.6259898149754,6.4027950038187,379.2055548532180,3004720.2937383200000
11.2219352292748,2.3078272294117,2.0530375413136,356.6427782275310,2997026.7515879200000,2.8947119972563,6.4714388454209,6.2166491573228,436.3669090155170,2978719.3672940600000
13.0064552535355,1.8567204015664,0.7196243448981,377.8611331569790,3236277.1161350600000,3.0657371071786,6.8270794747449,5.6899834180766,468.7320984850090,3218018.8572278900000
11.7198340241293,1.8685334819902,1.9944324938806,368.0297962646910,3179278.6336615400000,2.9827067817606,6.2370971031745,6.3629961150649,451.8144664751340,3161770.9211791300000
12.5567403168593,1.3716322687457,1.6544274143950,237.9126917301220,2556770.2952819200000,2.3314056955112,6.4842995794198,6.7670947250691,344.8331743882050,2539201.6160370200000
13.8171574673876,1.2402705864745,0.5253719461380,297.4016991543200,1705300.4013878500000,2.7204500308149,6.7886243047608,6.0737256644243,408.0488882989010,1673748.0982290500000
12.3292133174502,0.9883315532340,2.2652551293159,174.8263873406800,3480595.5731277400000,8.8922264715865,2.7068249761658,3.9837485522477,207.5350079639440,3473290.7096760500000
12.6649002061016,2.1394618611804,0.7784379327181,180.8307853973240,2001181.7014029300000,7.8877432633208,4.5280403325708,3.1670164041084,232.2174182874550,1984565.6554832700000
12.6852947392579,1.2737531607734,1.6237520999687,187.6167435069700,3186332.0351863800000,2.0204005173602,6.6062002717222,6.9561992109176,297.1462293259510,3176054.5944354500000
11.9375491768365,1.7920153186193,1.8532355045442,337.3080361248520,3786384.7764199500000,2.8315186074775,6.3450306032988,6.4062507892237,424.8804341081180,3772431.7947754800000
12.0432134236459,2.3020095528332,1.2375770235209,286.6688572687460,1544674.3660309300000,2.5536410559890,7.0467957366617,5.9823632073494,381.7554622446160,1511003.3021352600000
11.6272522546929,1.8412669969105,2.1142807483966,202.3600720608520,4119058.5689672400000,2.0224012567386,6.6436924958876,6.9167062473738,295.4807950704380,4110434.5503927400000
12.8459542084068,2.3066106506023,0.4302351409909,286.6216076973010,1391233.8131214400000,2.5718606067639,7.4436574514238,5.5672819418124,387.2826414725540,1352532.0964691200000
13.8684028298088,1.2495054253871,0.4648917448041,190.7398692655660,3722673.1962900900000,2.0680691922442,7.1496722441694,6.3650585635864,303.5099290770560,3713536.1889183200000
11.8081551577088,1.9028637440199,1.8717810982714,165.1728645461080,3723568.7096955000000,10.3062508562873,2.6538158947306,2.6227332489821,176.5135888737020,3717533.3204973300000
14.4960434530300,0.8891396767969,0.1976168701731,384.7966981037660,1444586.7539022200000,3.1924126279294,6.5409550893472,5.8494322827234,491.3552046374490,1401646.5765967300000
13.2269271495388,0.6056439441200,1.7502289063412,304.7144295499480,2883070.0057834100000,2.7454649288177,5.8463750544805,6.9909600167018,412.2861324206770,2865495.3481501600000
12.4701165831970,1.2113249859466,1.9013584308564,406.5720472248390,4035192.5350008900000,3.2065239588712,5.8431212981096,6.5331547430193,494.0500849228280,4020732.2859896200000
14.7484989010876,0.2949864687768,0.5393146301356,342.2801473532430,2232271.9026229700000,3.0147637781270,6.1618540302570,6.4061821916159,457.9279785095090,2206899.7961230600000
12.2959051607098,2.0253274190975,1.2615674201926,310.8503063885320,3638753.7310006700000,2.6942348788056,6.8261625600497,6.0624025611448,402.2643788391060,3624514.0378120400000
13.8836390069234,0.7559137970419,0.9432471960347,375.0496303677680,3044056.3902331500000,3.1243358103526,6.1355653953274,6.3228987943201,477.7824489414750,3024983.7733665300000
12.2589875751290,1.5614237515637,1.7623886733073,392.6078376688210,3589899.3488568100000,3.1290836803471,6.1263756989547,6.3273406206982,478.6241333730670,3573785.0475800900000
13.2470779440367,1.6539035540134,0.6818185019499,422.9396060379670,3617636.6016285200000,3.2928842062402,6.6310004229117,5.6589153708481,511.7043439634110,3600281.5758021900000
11.7868428679817,1.7339117304529,2.0620454015654,150.1441755985170,1443737.8201768100000,11.3678605799004,1.9434028744936,2.2715365456061,155.1967794357950,1424007.6229246500000
13.4050606548824,1.6269509392940,0.5507884058237,388.8610511195950,2121276.0381387400000,3.1455401773763,6.7567111780470,5.6805486445767,483.5471013005730,2092465.1866455400000
12.9622258979572,0.6505289527810,1.9700451492618,319.0683455775840,3195024.7895419000000,2.8035038466655,5.7298899784268,7.0494061749077,422.5141160054490,3179001.2481183900000
12.0566987769162,1.2515153028727,2.2745859202111,423.2262567756370,2720000.5014525700000,3.2729443605653,5.6433925110481,6.6664631283866,507.8068702409820,2698051.8033968800000
12.9182951002376,2.1138676517504,0.5506372480121,295.6396991374100,4121271.4873313300000,2.6164230165911,7.2648036935736,5.7015732898353,390.9091653004240,4108810.5124774600000
14.6520723172582,0.6697523716852,0.2609753110566,282.3484543180200,3470620.7389335400000,2.6755931280908,6.6579919662689,6.2492149056403,398.8181352380060,3455939.0562379500000
13.3643586253188,0.6911959293487,1.5272454453325,371.1719391240590,2946739.3342425400000,3.0869046907601,5.8299228966281,6.6659724126119,471.8250100728040,2927534.9252498100000
14.4331008710535,0.9306459849692,0.2190531439773,212.8846502548680,2166996.0740258700000,2.2876468768446,7.0033729820736,6.2917801410818,339.0825596774480,2146745.6869349000000
11.6250327708020,1.9193640770761,2.0384031521219,287.4740243702040,2042718.3650793300000,2.5569177291724,6.4534215978910,6.5724606729368,380.6401655148950,2018348.7359208600000
12.8200108635978,0.8048535620426,1.9579355743596,398.6352868348330,3871035.0037934900000,3.1861665092663,5.6217757392084,6.7748577515254,491.4830302708690,3856189.2559473400000
12.0989167085643,1.6192422760692,1.8646410153665,308.6064964799320,2595722.5020701200000,2.6976593636713,6.3198709485157,6.5652696878131,403.0711427338120,2575967.4613987000000
14.1482896912242,0.6426424941710,0.7918678146048,383.2691790749140,3666363.0345590000000,3.1709792443728,6.1312977175967,6.2805230380306,486.5096482275160,3650373.1880449000000
13.9675279750707,0.3131562002541,1.3021158246752,353.8647205907310,1585178.1750594500000,3.0439671996967,5.7749365879411,6.7638962123622,464.6611552345990,1549354.7469033900000
12.8838257168882,0.7381598160933,1.9608144670185,311.7324218881070,3792821.0150782900000,2.7553647521289,5.8023902984729,7.0250449493981,413.5623157276540,3779608.9681446000000
12.6705544628902,0.6936385817644,2.2186069553454,218.0987291721290,1380124.1236674100000,2.2559527078569,5.9009394592811,7.4259078328620,336.9684626107950,1349284.0498593500000
12.4004524003102,1.8818763063622,1.3004712933277,333.9308759801730,3907553.6593434600000,2.8250135838489,6.6695957145928,6.0881907015583,424.0991625787150,3893844.4419585300000
11.5126531256730,2.1921575953463,1.8779892789807,173.0412565543240,3909812.9515259100000,8.9021356180448,3.4974163491604,3.1832480327948,194.2965367956500,3903585.8826312600000
13.4426318922826,0.2187105163359,1.9214575913815,322.7649007073570,2819907.4278903500000,2.8512382461112,5.5144073394216,7.2171544144672,432.4685481682380,2801536.2502440000000
13.0984642891728,1.2742660847328,1.2100696260945,332.4206979934670,1648578.5866766900000,2.8785878567245,6.3842043009569,6.3200078423186,434.1688816293020,1614921.6847586200000
15.1724645469550,0.2523862746430,0.1579491784021,351.4115120675530,1815602.8662846100000,3.0777981190378,6.2997194886016,6.2052823923607,469.3651122035330,1783346.6825203400000
13.6388833268748,1.1780043289519,0.7659123441733,395.8475841057890,3347712.0240749800000,3.1995853314940,6.3976533266423,5.9855613418637,492.2040755486180,3329737.8352880900000
13.1894643146935,1.2944987620125,1.0988369232940,421.1156895158750,3710943.2935224400000,3.2995048300589,6.2394785043298,6.0438166656114,511.4812620093650,3694370.8986333700000
12.7833273738262,1.8053333518787,0.9941392742951,362.2520275527070,1401018.0796464100000,2.9975387565036,6.6982276605400,5.8870335829564,455.9406316310020,1358906.7329346300000
12.4419072849877,1.3313092349853,1.8095834800270,310.4792306536100,3497732.2601192000000,2.7228491296816,6.1908383126384,6.6691125576800,406.7745770979950,3483245.4021097400000
14.4582683241777,0.7887207466915,0.3358109291308,406.2144051987160,4075625.3162033800000,3.2781400616307,6.3787848779650,5.9258750604043,507.6021207114600,4060563.0274409100000
12.5665723511510,2.1220141865842,0.8942134622648,310.1049409493300,2294324.4934908600000,2.7001319944116,7.0552343649539,5.8274336406345,405.3432902812360,2270904.3557376100000
13.0495366090932,1.9542707811516,0.5789926097553,154.6872909810840,3150906.7573316500000,12.2479899959153,2.3550440877405,0.9797659163441,161.0012839440680,3143561.2335404600000
13.1578953545658,1.6158951040183,0.8090095414159,183.3572416232020,2294716.8547139400000,3.6358909638279,6.3768972993872,5.5700117367849,283.8143450486140,2280212.4111279800000
12.0147157584763,1.9549290484157,1.6131551931080,388.1081583611090,1927767.0489293700000,3.0959792882755,6.4142972835161,6.0725234282084,472.8225948471180,1897069.0009358200000
13.5593350644595,1.1128555501895,0.9106093853511,283.6658370945400,3579981.8183885800000,2.6269725866511,6.5790367890937,6.3767906242553,390.5370528982840,3566061.5582611100000
13.8806256699684,0.9700961186962,0.7320782113354,383.1801661830490,3396960.8826818700000,3.1536598177942,6.3335790447834,6.0955611374225,483.2914648089290,3379581.0705574500000
13.7989801408339,1.3660762063502,0.4177436528159,207.7958031897780,2108632.8238836300000,2.2129654261035,7.1590835637154,6.2107510101811,328.2359620267300,2088434.7065733500000
14.5104549728697,0.3768799652893,0.6954650618411,302.4324102647020,2989051.1432429900000,2.7948067867907,6.2347040583288,6.5532891548806,419.1665053481750,2971540.2968758300000
13.0731385587931,0.8396077924504,1.6700536487565,323.8478142777800,2520916.7659680100000,2.8381214100800,5.9571163668070,6.7875622231131,427.5801112821350,2499971.2265966800000
13.7133626151599,0.6829227515468,1.1865146332933,158.8295203504680,1566999.2495876700000,12.8906853035655,1.0942614073440,1.5978532890905,168.6215731672640,1548577.1668766200000
12.6986736062279,1.5712347501020,1.3128916436701,319.6609036763310,1369679.2425195700000,2.7888104604111,6.5261663230104,6.2678232165785,419.1702788327750,1329678.8647910900000
11.5764236341477,1.7668801294261,2.2394962364263,250.0255635873630,2724322.8316329600000,2.3414925682801,6.3843456623599,6.8569617693600,346.2735083092960,2707774.4282954800000
12.7794629919453,1.6813154246040,1.1220215834507,163.6709918156090,2106974.3584404500000,11.5418269812465,2.3001334299534,1.7408395888001,177.1156591439120,2093315.5107786200000
12.4792935182597,1.8400895739609,1.2634169077794,285.1213170129410,2285295.7760380900000,2.5783320739738,6.7905702961039,6.2138976299223,384.1512439429180,2263086.1425327000000
11.9195131660830,1.6908422566898,1.9724445772272,203.1328693131330,2133313.8675937200000,2.0916505910869,6.6047735441879,6.8863758647253,309.5910321976220,2114937.4402174800000
13.2497059519791,1.3698455983777,0.9632484496432,183.9711143226810,1795619.3822234900000,5.3078703925537,5.3407633780904,4.9341662293559,271.5289867406460,1776692.6229468000000
13.5984535964403,0.2097341046169,1.7746122989429,206.7163911705200,2457863.6114161500000,2.2322576079435,5.8928320988652,7.4577102931912,331.8553991555600,2441689.2119954400000
14.1085200080066,0.4434194173096,1.0308605746838,190.4381153297100,3323183.7485279100000,2.1252804637697,6.4350391894281,7.0224803468023,312.6152343779060,3312905.7742196300000
12.2311945442068,1.2730041325947,2.0786013231985,202.1839201544410,1890661.6676741400000,2.1188334757146,6.3291846668408,7.1347818574446,314.4318886183270,1870020.3577578700000
12.3708765118333,2.3644842096851,0.8474392784817,161.7720654114760,3232346.8166195800000,11.1421000216577,2.9788724547728,1.4618275235694,172.1554860490570,3224661.5534711900000
12.7144487596417,2.0472252841637,0.8211259561946,325.3146250533270,2584891.6592839900000,2.7865017603773,7.0111987837959,5.7850994558268,419.6893226199620,2563654.6529721100000
11.2989050862576,2.1720867209937,2.1118081927487,227.7952522229990,2556556.2701695200000,2.1871117785278,6.7279833748586,6.6677048466136,322.9345356661660,2539766.7982970200000
12.5948902359356,1.9400821832525,1.0478275808120,298.6526831405140,1808194.3829443300000,2.6534175059084,6.9108185482661,6.0185639458256,397.2543612379410,1778910.2058754200000
14.1401805856988,0.8864186798487,0.5562007344525,341.8649988866360,1860286.7041051300000,2.9736932558395,6.4696623447783,6.1394443993821,450.8004438407140,1829559.2509562000000
14.3021896283395,1.0262345621458,0.2543758095147,287.7560197211950,3087621.8617756100000,2.6809444844358,6.8368571340976,6.0649983814665,400.4980426929640,3070808.6835128200000
13.3377107837945,1.7502512649389,0.4948379512667,297.8810913873070,2080130.7628328200000,2.6771862459278,7.0805135338722,5.8251002202000,401.7842993191040,2054377.4558030700000
13.7983723561242,0.7699094479186,1.0145181959572,272.8705536217080,2923066.0016861300000,2.5969798022304,6.3706057248655,6.6152144729041,386.2630541403480,2906225.9746648500000
11.7476377404115,1.9154554246590,1.9197068349296,184.2053086170670,4039873.5760874900000,2.5813771135496,6.4985857380899,6.5028371483605,270.4651954852100,4032880.5142992000000
12.0931150662046,1.8825838945228,1.6071010392726,285.3386129971730,3371967.7436719500000,2.5557414798322,6.6512706877090,6.3757878324589,379.1497474507930,3357431.0974249000000
12.6416124087316,1.0879311034335,1.8532564878349,385.4274908740650,3269737.0006426200000,3.1183668061086,5.8495539047451,6.6148792891464,477.4695442973120,3252289.9216557300000
12.3153114959594,1.0240103140498,2.2434781899908,391.2039640178380,4082203.6857905500000,3.1254046527042,5.6189637356774,6.8384316116184,480.0986630967910,4068430.7916909400000
12.5990915422295,1.8146248602880,1.1690835974825,224.6012357127850,3548469.5046810600000,2.2209004944039,7.0037203842008,6.3581791213952,326.7305633844480,3536442.9986534200000
12.6867829943666,1.4599269025736,1.4360901030598,207.5353350153630,3062408.2023341100000,2.1442366224845,6.7312000885147,6.7073632890009,315.6587598755090,3049441.4819467600000
12.4189583971494,1.9362396678628,1.2276019349878,305.9343615237440,4049206.8420667200000,2.6724335152469,6.8095021088140,6.1008643759390,398.1893739225490,4036599.2778298400000
12.4301702393046,1.3466098535283,1.8060199071671,326.7260637449210,1472960.7083975600000,2.8215757442293,6.1509071010660,6.6103171547047,424.7942608072810,1436215.1003860100000
14.0296201529666,0.3865707774176,1.1666090696158,265.0999906534370,2079265.8012041000000,2.5864426997790,6.1081595040114,6.8881977962096,385.9421573398330,2055663.6210053900000
12.4530035884559,1.2639415712264,1.8658548403177,206.8492422868990,4161372.1275428200000,2.1039062182521,6.4384902563283,7.0404035254196,307.8448560908850,4152498.3597223400000
15.0689254502820,0.3020265295243,0.2118480201937,411.6295414769150,3539399.5230726800000,3.3402864564343,6.1663460264481,6.0761675171175,519.5156699916310,3521839.3226856400000
11.7853796969445,1.6600354410944,2.1373848619611,172.6516531589720,2678527.4698776100000,9.2560205594390,2.9247150098472,3.4020644307139,199.3150337369610,2668025.6338221800000
13.1718539465874,1.6354975079280,0.7754485454847,179.1758017365550,3274608.7111064600000,7.3588647210126,4.5419921207154,3.6819431582721,235.3707166242980,3265727.3579240700000
14.0494050795279,1.3259764073054,0.2074185131666,189.2033496455040,2509110.7893011200000,2.1037744533175,7.2987917204107,6.1802338262719,311.5653099831800,2494623.1151947200000
14.1421457592481,0.8236867522497,0.6169674885022,195.9430816818920,2402432.6883902300000,2.1780202870916,6.8057494883280,6.5990302245805,321.8610117792490,2386387.4536741300000
12.6852887083047,1.7026010906209,1.1949102010745,321.3845857261450,1918484.1283181100000,2.7882565579142,6.6511171658161,6.1434262762698,418.9350991549800,1890131.5982202800000
12.3448796512367,1.4674629012201,1.7704574475432,308.3438950961710,2410520.1684890100000,2.7120400250491,6.2838827143139,6.5868772606370,405.6379703603040,2389122.0258522600000
13.8782449802071,0.9195298016325,0.7850252181604,164.3734977189000,1386036.4793793000000,12.7827420875977,1.4672812479372,1.3327766644651,177.4261052811110,1363877.3058765800000
13.3247345105200,0.2451133934542,2.0129520960258,407.0115821518770,2669731.0887438100000,3.2519157459779,5.2815227757253,7.0493614782969,507.1766166038040,2647819.7722276700000
13.3542755369570,1.7626931464137,0.4658313166293,351.1106241432030,2266780.7918469800000,2.9502565522285,6.9647026387780,5.6678408089936,448.5996571237260,2241185.8762050000000
11.8386276328137,1.9164922860096,1.8276800811766,353.6442964481350,4129949.9319189700000,2.9073255235949,6.3821433406190,6.2933311357861,438.0014557018320,4116845.2792883400000
13.4543759273521,1.3755302288594,0.7528938437885,167.4996421912180,2910786.2619973000000,11.5373804108674,2.3340279871017,1.7113916020309,185.8432650618890,2901623.6841969300000
13.7292059441676,1.5486555387588,0.3049385170736,387.4815953985520,3754280.5495723600000,3.1382559407394,6.8441305404729,5.6004135187877,482.6568882921350,3738208.9911261500000
12.1852316582179,1.6400949159032,1.7574734258790,407.8958128332950,2483384.1337655400000,3.2040383985705,6.1306915457268,6.2480700557027,492.8014996925230,2459269.9948526300000
13.2126013712259,0.8215403547797,1.5486582739944,421.6939341785080,2639852.6749442900000,3.3190032098773,5.7683394354539,6.4954573546686,515.9912654539610,2616764.7781109100000
11.6733589768214,1.9116066982192,1.9978343249594,387.0671134047470,3696289.4904546500000,3.0724460425803,6.2120631653397,6.2982907920800,468.0110684389090,3680876.6767505000000
11.7920705605805,1.4413195722664,2.3494098671531,366.8142810371480,4174489.2796193600000,2.9799315248113,5.8473890901510,6.7554793850376,452.1065562523230,4161548.2802668300000
13.7029206585037,0.6996576529019,1.1802216885944,291.6921675301710,2819448.1828644700000,2.6980140845412,6.2021109398831,6.6826749755756,403.1426153788440,2801462.3338738000000
13.0846620812640,0.6423212539770,1.8558166647590,199.0182790996190,3983766.9799312000000,2.0993343292801,6.1349851299690,7.3484805407510,308.3344186963410,3975003.2637877700000
12.4238181465649,2.0121418727132,1.1468399807219,260.0107010990930,3443163.3984135800000,2.4167767722944,7.0156625598485,6.1503606678571,357.5294760772670,3429418.1228075800000
12.9209733085847,0.8326925222230,1.8291341691924,186.9650252726800,2945547.1628985700000,2.0480626240567,6.2691478644870,7.2655895114564,302.3208249862700,2934458.7942569600000
14.7620708986910,0.5738323672234,0.2468967340856,158.5255154536070,4109455.2225344300000,13.3936808731320,1.2580273800029,0.9310917468651,169.5295205448310,4105350.4302707700000
12.8738031735533,2.2637955072641,0.4452013191826,409.2031108751950,3691048.3174748700000,3.1827951126968,7.1092995376924,5.2907053496109,494.0254940935670,3674153.1877764800000
12.6803387435614,1.3662897218703,1.5361715345683,233.1604738258440,4082866.9090938600000,2.2835681408998,6.5646750232011,6.7345568358991,335.1764399442650,4072444.9922211600000
12.0718293981179,2.4400302178745,1.0709403840075,231.5673383151980,3174403.5897876700000,2.2186711951618,7.3666093193526,5.9975194854856,328.1909613150880,3160400.1199041400000
14.1181104904269,0.5319958799344,0.9326936296387,241.8904137867840,2400763.1077768400000,2.4542231166217,6.3639395668370,6.7646373165413,364.1442868355730,2381293.1511204300000
11.8546269909721,2.1328913734921,1.5952816355358,278.9108196199630,2682066.5745529600000,2.5060606916866,6.8071745231349,6.2695647851785,372.1308271592780,2663725.0712346300000
13.9472907497580,1.3995115950199,0.2359976552221,328.9027601846590,3944480.4562520800000,2.8593346690872,6.9434896353553,5.7799756955575,431.3531252625560,3930522.6381481300000
12.7759388695111,1.6576405489014,1.1492205815875,156.9629780920780,1343076.1817268300000,12.1396540563918,1.9757829554610,1.4673629881471,164.5365820225580,1320561.8463546300000
14.9676278181365,0.2926711798711,0.3225010019924,382.4490250277360,1754412.1569784900000,3.2177129955810,6.1676285911489,6.1974584132700,495.3839468756310,1719735.5456179300000
12.8919507597017,1.2249213465709,1.4659278937274,304.2929824168800,2667546.8419365600000,2.7181413169403,6.3118260679516,6.5528326151081,406.4176046736670,2648234.5836480300000
13.1346740003067,1.3308702973711,1.1172557023222,385.7315859994700,2874675.9150512400000,3.1350535002470,6.3306805474009,6.1170659523520,479.8188437611600,2854168.5293825800000
13.9539397884729,1.2937600273565,0.3351001841706,246.0146576343240,1473103.9939188400000,2.4470893619605,7.0471852406127,6.0885253974267,364.8487344631370,1439438.7136023600000
14.2889933513825,0.2785360976314,1.0152705509861,273.1033548632080,3208287.8863214400000,2.6292050071292,6.1084302697580,6.8451647231128,391.7762035019810,3193052.5842412800000
13.2578926988739,1.2531978014866,1.0717094996395,164.9700977057520,3879942.3797992200000,11.7422721461244,2.0110080778614,1.8295197760142,173.9613480047870,3874657.6789772900000
13.7971242724073,0.2601665313354,1.5255091962573,198.8816793257940,1617934.5577341100000,2.2174289964074,6.0500141693354,7.3153568342573,330.2340936447200,1593830.4977353200000
12.5665052831644,2.2907605591975,0.7255341576381,332.9350251012290,2569542.0312325300000,2.8072398112970,7.1703932951312,5.6051668935718,424.4053698810120,2547808.7135597900000
13.7179155803169,1.5174368878226,0.3474475318605,241.3088026761120,2112667.2598612400000,2.3923147124319,7.1802373217651,6.0102479658030,355.9642636889320,2089861.9390256800000
12.6167497823393,1.7375140205630,1.2285361970978,397.9821740422670,4157214.3061084900000,3.1568948998282,6.4674414618185,5.9584636383534,484.1870603967890,4142975.2478595800000
12.2859831227324,1.5600107193083,1.7368061579593,182.6108347712920,3065400.2512697700000,3.0437758867822,6.1811143372834,6.3579097759344,277.9017694010890,3055450.0002955500000
13.0380958719359,1.2810686673958,1.2636354606684,422.8033483446550,2035872.7000634900000,3.3133296194305,6.1434517936485,6.1260185869210,513.8661094124550,2005250.7718251900000
11.4021723695629,2.1460543548676,2.0345732755696,299.0350593344680,1684582.7078602500000,2.6057087582688,6.5442861605146,6.4328050812166,388.8071316494420,1654136.2284609500000
14.2486853982055,0.5787089593922,0.7554056424024,345.1092077330830,2880514.1845334300000,2.9969941293547,6.2045545938176,6.3812512768278,454.4968228394390,2861077.1931655900000
13.5173332174097,1.3468090196711,0.7186577629193,425.8596871469670,3700631.4012656700000,3.3263616240218,6.4422948163650,5.8141435596132,517.4414929708290,3683673.9609569300000
13.0241165482178,1.9148905690905,0.6437928826917,229.4464191689780,3727318.1859661900000,2.2551501707835,7.2993737578077,6.0282760714089,332.6926776932580,3715494.4399839600000
12.9521538946951,1.0312342908916,1.5994118144133,264.4082207344980,3716711.0763998300000,2.4956230607454,6.2594997078664,6.8276772313881,369.3350284127460,3704192.8362629800000
11.9469300940879,1.8857773414741,1.7500925644381,278.2958238885380,1890774.7594523600000,2.5218622132070,6.5983112819145,6.4626265048785,375.2368007473470,1864490.7715782900000
13.3130378656258,0.4748466652062,1.7949154691680,360.8521536637800,2878811.3278214400000,3.0350209845655,5.6138551057365,6.9339239096982,463.7983987774480,2859644.5241982600000
12.0468621775610,1.7457886025936,1.7901492198454,375.8243147385170,3837333.8924728100000,3.0333217704975,6.2525588061254,6.2969194233772,460.7795578177700,3822669.2891930100000
11.8206496181564,2.1584091891329,1.6037411927107,177.6611450939560,1650900.2498920400000,9.0589827416056,3.5392426274083,2.9845746309861,209.0195640768450,1631145.1099826300000
13.9544859981591,0.5115683760341,1.1167456258068,199.1602792727480,3783417.2287580700000,2.1545390285338,6.4115418608467,7.0167191106195,316.2049196068120,3773804.5695110500000
12.8259551226343,1.2146556970861,1.5421891802796,249.2592361210540,3909350.4549907500000,2.3945914156725,6.4303375505670,6.7578710337605,352.8297672298170,3897890.8064680600000
12.6989909680534,0.2780199969756,2.6057890349710,165.6504941828480,1931808.8594157600000,11.3066027831870,0.9742140894088,3.3019831274042,182.3319499130070,1917594.5771947800000
12.9128511825355,0.5984088726459,2.0715399448186,294.0404459305130,1523239.3463111900000,2.6843277607256,5.7126705835509,7.1858016557236,404.0772256961010,1489979.9543054400000
12.7050393932849,1.8524418434165,1.0253187632986,242.6943170108310,2675223.9653974300000,2.3430277897484,7.0334476451848,6.2063245650668,346.9832884469190,2657839.5172822400000
13.3817279178345,1.7741191388818,0.4269529432837,198.4846521904820,3721579.6506305200000,2.0776977086877,7.4261342434552,6.0789680478571,305.8504315328990,3711529.4033042000000
13.5861340909205,0.9184910290257,1.0781748800539,207.6692820221050,2661241.1559213200000,2.2141662095031,6.6044749697344,6.7641588207625,326.8348768446220,2645908.2945803900000
13.8525422996859,0.2356409451559,1.4946167551581,399.8223822852320,2499932.8238235400000,3.2490403174400,5.5373919362788,6.7963677462811,504.0119227669640,2476288.8494728500000
13.3704899440204,2.0046426151178,0.2076674408618,336.4079649448040,2757964.1651650000000,2.8550834293282,7.2623458724639,5.4653706982079,433.6010613115270,2737325.4990211900000
12.8718547515371,0.9932712527359,1.7176739957270,279.2972231735030,1663775.8839990000000,2.5973933639758,6.1305019465166,6.8549046895076,388.0201945125620,1633744.9539168200000
11.6750418512011,1.9699794749528,1.9377786738461,401.7485628901360,1683627.4437410200000,3.1524018665547,6.2312994672760,6.1990986661693,483.1094817373420,1648041.5745756200000
13.5587939361982,0.8351054903708,1.1889005734310,178.7071946391080,3824378.5589091500000,8.1197932139287,3.5546058515056,3.9084009345658,227.4748648826870,3817626.6969068200000
13.3659948372797,1.6203104457430,0.5964947169772,355.7707163416740,3048555.5257754700000,2.9781127254614,6.8142515016522,5.7904357728864,452.4453047819700,3029708.5764378700000
13.7609520648414,0.1836026182177,1.6382453169409,353.2098177446720,2069375.0055560200000,3.0266576891295,5.5507498060737,7.0053925047969,463.0072824369960,2042579.8756486500000
12.8131461226170,1.1933219262922,1.5763319510909,305.0737533777320,3807927.4821651100000,2.7102278228581,6.2447810761717,6.6277911009703,404.3223283570590,3794706.7693203800000
13.4206114254704,0.9320814175687,1.2301071569609,200.8375709142850,1468517.4288495300000,2.1911319318725,6.5468211643677,6.8448469037599,325.3682633908920,1441151.0558271000000
14.2282113046734,0.8498802511986,0.5047084441280,314.8303326932480,2627486.2667960500000,2.8348317764384,6.5465700153161,6.2013982082455,426.2534719226700,2606850.9258471200000
11.5877808522182,2.1654756869943,1.8295434607875,232.7826092647820,3394407.9678886000000,2.2195403218991,6.8495959521538,6.5136637259471,326.5281950398860,3381742.2455954800000
12.3121742662810,1.5086679786782,1.7619577550408,187.0179294607160,2283097.5396286300000,2.0176417909550,6.6559342163412,6.9092239927038,298.3834594919250,2268194.2838032900000
14.3384699148512,0.8144615416764,0.4298685434724,208.6780232070410,2463537.5850863100000,2.2597695644626,6.8538117168707,6.4692187186667,334.1200793843130,2446381.3726103800000
11.9302292653192,1.4996047805558,2.1529659541250,397.0039024216650,2828241.2813650000000,3.1421776859304,5.8936305702503,6.5469917438194,481.7356826886040,2807787.9487095900000
14.3533610622922,1.0716735926818,0.1577653450260,169.7209763292240,3893283.5719470900000,12.1372313419023,2.1797384528768,1.2658302052209,184.2034021573000,3887599.4195891800000
13.2026277405964,1.3315764013654,1.0485958580383,216.9262902665350,3557245.9091086000000,2.2169651292071,6.8244077070600,6.5414271637329,325.8417394033890,3545585.6268806300000
13.1048354844802,2.2941601811377,0.1838043343821,164.8362122496050,1501166.0477401100000,11.9928994577293,2.8501281945132,0.7397723477575,177.2810397954610,1479811.3298383600000
13.3908598740304,1.5167518411876,0.6751882847821,271.9152877497810,2108475.1330010300000,2.5527313507818,6.9358161028118,6.0942525464063,380.6033219986870,2084387.0450843900000
13.6424415813414,0.4305915967233,1.5097668219353,153.6661633289620,2400172.5205895900000,12.9163487079077,0.7936380334401,1.8728132586521,161.2273938232240,2389881.6164001200000
12.5882749581589,1.6260549845016,1.3684700573395,397.6248128687060,3807550.3845108100000,3.1607636964011,6.3398106153805,6.0822256882184,484.6334700266530,3792052.4181300400000
13.2889864787207,1.6131398186824,0.6806737025969,204.2776608174660,2517885.0712910300000,2.1526026637828,7.1813317261514,6.2488656100659,318.5195749118530,2501658.7416204900000
14.1753738704162,0.4387576219131,0.9686685076708,175.7702626244060,1995644.6731264600000,10.6429001543522,2.2049944799450,2.7349053657028,215.8173985619110,1980347.8573118700000
14.4533286494127,0.6615255987115,0.4679457518759,234.8332642862660,3033198.0975996700000,2.4111241436927,6.6826278515714,6.4890480047359,356.5012181945910,3018056.6478585200000
14.4681015683069,0.8530146489018,0.2616837827912,275.8719160488730,2690272.7704457800000,2.6356378648685,6.7692465006210,6.1779156345104,393.0910013552920,2671256.3997516500000
12.8414353907091,1.0235992051242,1.7177654041667,178.0607526404320,3905787.7553220800000,8.1728158740043,3.3579089634766,4.0520751625191,219.2323006364990,3899360.6689807900000
13.2856020394222,1.3832892136758,0.9139087469020,424.7275648328050,4010656.7899500500000,3.3131437201373,6.3695183733183,5.9001379065445,514.5642554875620,3995171.0288381500000
13.7115382448604,0.6899947647520,1.1812669903877,241.6576220328900,3671871.8180522400000,2.4074712352365,6.3420282695639,6.8333004951996,355.2932707668940,3659677.6388293500000
11.9559824879523,1.6965216263642,1.9302958856836,232.0677211850660,3355836.0388152800000,2.2477013999610,6.5506621703598,6.7844364296792,330.8263341430410,3343101.9736330800000
12.4343338744818,1.6956948203710,1.4527713051472,167.1244810842190,3455339.6541730700000,10.6353267010070,2.5951984071084,2.3522748918846,182.4110396324280,3448307.6224827800000
13.4574803677363,0.8245346377272,1.3007849945366,232.3153362410230,3909158.3692979900000,2.3315353027410,6.3875071702248,6.8637575270342,343.0559850012050,3898150.5812187400000
12.2424295037346,1.6302341509432,1.7101363453222,162.7929491118980,1489195.4340351100000,11.3007132533299,2.1010922761456,2.1809944705246,173.9646156425690,1468969.3783489900000
13.4142523701470,0.4121931807434,1.7563544491097,289.4981673183260,2274142.3969029900000,2.6825606340761,5.7780390487788,7.1222003171451,402.7721271523230,2252189.2454754800000
13.1000007080609,1.7648934162762,0.7179058756629,360.1535447264710,1312571.7105655200000,2.9964621782547,6.8166626811793,5.7696751405660,456.3785493136530,1267190.0953295100000
12.7145579695830,0.9275358547059,1.9407061757112,324.1753197829520,3701477.2491332200000,2.8120631131786,5.8787832829080,6.8919536039133,422.8167693495990,3687605.5663632100000
13.0631031959337,1.4195503216406,1.1001464824257,174.8100956142010,2771562.5941792100000,9.6513313413101,3.1254362489524,2.8060324097375,209.6699169518510,2761154.8953977300000
13.3962610012926,0.9193777195044,1.2671612792030,172.3180287839670,2361871.0648322800000,10.7599246493815,2.2375458954600,2.5853294551585,200.9137214024950,2349627.0550938100000
12.1074386815882,1.7052413065416,1.7701200118703,364.5183880875080,1957255.1811686700000,2.9899907927642,6.2639652509536,6.3288439562823,453.5150152633010,1928251.9219406900000
13.2136748140570,1.0093660375085,1.3597591484345,399.8171894057060,2851011.9578310000000,3.2139466069462,6.0092301410640,6.3596232519900,494.8697065816650,2830143.1328920200000
13.8453526107810,1.0192329438443,0.7182144453747,297.3210586876920,2139506.1125297400000,2.7283628780579,6.5777278102059,6.2767093117363,408.5566747678720,2114809.3941438000000
14.4351367319405,0.7517278366892,0.3959354313703,180.1265625237190,1498275.6025910900000,10.1476698003867,2.8954613024661,2.5396688971472,229.3392193594350,1475985.3893762200000
12.6798136672290,1.5864474524334,1.3165388803376,377.9232447681450,1546415.1621440900000,3.0817952916059,6.3854566402450,6.1155480681492,470.2438005202960,1508085.6305084100000
12.5632355058168,1.6436207748987,1.3759437192845,243.3149703893990,1498184.4575886100000,2.3644094960727,6.7430337797707,6.4753567241566,351.3176577885170,1466520.0572556600000
12.4837877440517,1.8659423446553,1.2330699112930,231.1365626353100,2488467.8475364600000,2.2698596254002,6.9729064039811,6.3400339706188,335.8210444068380,2470413.7483200400000
12.8371360362637,1.3502539810569,1.3954099826794,355.9825060462160,1657806.0086972000000,2.9859388404028,6.2758525789874,6.3210085806098,452.8996788379410,1623391.4682765100000
13.6391675970348,0.6359383551989,1.3076940477662,152.8529066627770,2584748.1187204900000,12.9331665459400,0.9889388807463,1.6606945733137,159.7647648996020,2575443.8392902400000
13.0036379290832,1.6260798648969,0.9530822060199,163.3714656338890,3906925.2371964700000,11.6653307400684,2.2952334594043,1.6222358005273,170.6498921134220,3901774.7877335900000
13.7954764669338,0.6241754703746,1.1631480626916,334.3448495543200,2325553.1051784200000,2.9292227413335,6.0573023331748,6.5962749254918,443.0111844632880,2301999.8408309600000
12.6560512885559,1.0698115348498,1.8569371765943,316.5571635372920,1648516.5467023300000,2.7832945509509,6.0061899036523,6.7933155453968,418.7051550685790,1616458.5903137000000
11.4933528034393,1.8975697473025,2.1918774492583,295.2042805595750,2950421.9737867500000,2.5886019400405,6.3499451790019,6.6442528809577,384.9043286140430,2933743.3684593500000
13.9179017846514,0.9956289162172,0.6692692991314,351.3998077096110,3837594.9064599300000,2.9952423753900,6.4569586208480,6.1305990037622,453.9940832936670,3822963.9549920100000
11.8257909612487,2.0133828990511,1.7436261397002,345.2019619470560,2310867.4336012900000,2.8695435792754,6.4915065900378,6.2217498306869,432.3462956608770,2287071.4971286200000
14.0144311727877,1.0716410849249,0.4967277422874,365.6600662966000,1421570.9142354300000,3.0813672954833,6.5381730235771,5.9632596809396,470.5647968845330,1379395.5564198400000
13.6714451811818,1.6781375210472,0.2332172977710,229.4816452695110,1712785.1862263400000,2.3189740997901,7.3543730617431,5.9094528384668,345.8464107158710,1685133.5707913200000
12.6656118232320,1.6243078389891,1.2928803377789,341.1388282426790,1522119.2211416100000,2.8957136560473,6.5092569225814,6.1778294213712,437.3190474903020,1485098.1275647500000
13.5703675004326,0.4298144700040,1.5826180295634,303.6408744500680,3447527.1089725700000,2.7531933542218,5.8384015431094,6.9912051026688,413.2292259912750,3432918.9863500400000
13.9130973422321,1.0276117546718,0.6420909030961,259.4397387525200,2623922.8692251000000,2.5205044569077,6.7239081973340,6.3383873457583,374.3554136394830,2605263.2665838100000
13.0452577375948,2.0850295080405,0.4525127543647,166.9990241068940,3237923.0144150300000,11.2247427670181,2.9952869933289,1.3627702396530,182.8566071354060,3229891.4773231500000
13.4188477571006,0.3138498089776,1.8501024339218,365.3284466915640,3327813.6192490700000,3.0578668978945,5.4943402385806,7.0305928635248,468.8191110944080,3311266.2522880400000
13.7972527769793,0.9231521126299,0.8623951103908,243.1731464783640,2956935.9159332000000,2.4246146512149,6.6094711755121,6.5487141732730,358.6783595142850,2941242.6051006700000
13.5347809013185,0.7149266114208,1.3330924872606,317.7709904045730,3123210.6916678800000,2.8247773559425,6.0699283841089,6.6880942599487,424.5592558184920,3106434.5024904500000
13.2874615383778,0.6447047092712,1.6506337523510,354.5861176626120,3845515.3827611500000,2.9955751658105,5.7906478955549,6.7965769386346,455.3078528603850,3831385.8986206300000
13.2210653050741,0.9240812784865,1.4376534164394,178.9284547846860,3220820.0449213100000,7.1224090072591,3.9734094273940,4.4869815653469,240.3285368696400,3212056.8074009900000
12.0657567163864,2.2257910083015,1.2912522753121,185.2971928201070,3838699.4744369200000,1.9753437867462,7.2709974731216,6.3364587401322,280.5456009288090,3830805.2253146800000
12.2243677364201,1.3557153123896,2.0027169511904,301.6730695361950,2655799.3546308600000,2.6714573384790,6.1321705113601,6.7791721501609,399.0833841819520,2636859.3913220000000
12.2493481798751,1.7873242782877,1.5461275418372,283.9233167694490,1709874.4821763300000,2.5699999435385,6.6269983964560,6.3858016600055,383.1105772903700,1680163.3843844000000
13.4285418921127,1.1179257210536,1.0363323868337,395.7712874549050,1497589.9259745100000,3.2074578912364,6.2284677214918,6.1468743872719,493.4539856287640,1456734.8010091500000
12.5497534646050,1.1214836904977,1.9115628448973,370.5130369523550,3371302.9800676300000,3.0404963859620,5.8761122298193,6.6661913842188,463.0860626900760,3354802.2486441000000
12.1433503484777,2.0042018624046,1.4352477891177,352.6781391000880,2193159.4817306600000,2.9188538393970,6.6164501169450,6.0474960436580,441.2954273330970,2167466.9387322600000
13.7234193548541,0.4404632861125,1.4189173590335,164.1676005670140,3246375.5179635300000,12.1599252947315,1.2222103161738,2.2006643890948,177.7565818474060,3239223.1099467700000
14.9006873984901,0.4162875145604,0.2658250869495,170.1163425513170,3192020.4227245700000,12.3109031636442,1.7111796319834,1.5607172043724,193.5505399326230,3184024.2803212000000
12.3818090577251,1.4762556000656,1.7247353422093,174.4335788702230,2840041.6312008000000,9.2097493819660,3.0622854379452,3.3107651800888,207.0766458598310,2830114.9213622600000
12.7557595383721,2.3859949820857,0.4410454795422,370.3448384954510,3373810.3921106900000,2.9868310251902,7.2704592386767,5.3255097361331,457.7558479163550,3356281.5088719800000
13.2715745851228,0.3816062010527,1.9296192138245,410.2702465215140,2763950.8067669400000,3.2660767284779,5.3843551293752,6.9323681421470,508.7433552641780,2742629.0977901800000
13.2101828677167,1.5155679231123,0.8570492091709,338.7054979847070,2715198.1396651600000,2.8965251215856,6.6723967961779,6.0138780822365,437.2906621450800,2694687.7698672600000
14.0646450138588,0.4596399393838,1.0585150467573,186.4548957769430,2743731.0961870000000,2.1203733892461,6.4317757516902,7.0306508590637,312.9373223419510,2731498.8167386700000
11.8191209062042,1.7666443088048,1.9970347849910,349.4719729452670,4014329.1046408400000,2.8896002151744,6.2314046543197,6.4617951305059,434.9768824806030,4001016.7023252300000
13.7510134956729,1.4030536503672,0.4287328539600,180.4575606572880,2428916.8801099200000,7.0676868585744,4.7447169689164,3.7703961725092,250.4764348883420,2415735.7373642300000
13.7116760575057,0.2711317284996,1.5999922139947,182.4280271939060,1639720.9806099700000,6.7566489260729,3.7486452942160,5.0775057797111,264.1004693487030,1619926.0982557200000
11.8091457256848,1.7530288701915,2.0206254041238,326.8381467385950,1997228.3065165900000,2.7824645110077,6.2663694775300,6.5339660114623,417.6873038070230,1970621.7172583000000
11.8963169132921,2.2084076219355,1.4780754647725,240.7527232728780,3286234.6344245200000,2.2787049827367,7.0172135872131,6.2868814300501,336.0786793104480,3272611.9008171400000
14.1488094976983,1.1615358926040,0.2724546096976,330.4521182364340,3733835.4836728300000,2.8872654583460,6.7923079122802,5.9032266293739,435.6495654024460,3719048.4043077300000
12.8726566154934,0.9510506166242,1.7590927678824,356.7602838165710,4113419.4354043000000,2.9832112801467,5.8957732842976,6.7038154355557,452.4832617073020,4100237.0455733800000
14.4609032410914,0.3005772898240,0.8213194690846,310.9592618815460,1923991.8771317000000,2.8498561082327,6.1061008562533,6.6268430355139,429.4170025818200,1896003.4257535600000
13.1585639790781,0.6790659364560,1.7451700844658,354.2489225246270,3504995.7046128900000,2.9901062999850,5.7632947760026,6.8293989240125,454.5870753815490,3489486.5803053200000
13.3052589018294,1.3669679744167,0.9105731237539,214.8122284704220,2993898.2645883000000,2.2191572023713,6.9100188241457,6.4536239734829,327.1983020573510,2979825.0480063700000
12.9833830916181,1.3598282701483,1.2395886382336,352.8482815081100,2468559.5749566000000,2.9699611261669,6.3665392528739,6.2462996209593,449.7858054051540,2445765.2778507400000
14.3401154302403,0.6519069197328,0.5907776500269,417.8851929239060,2779116.9794969400000,3.3429670452275,6.1504811122391,6.0893518425333,519.8712968911720,2756633.7138965300000
12.5422714230250,1.2960257835820,1.7445027933930,389.2727605235290,2737368.2353466400000,3.1335324953436,6.0003952474228,6.4488722572338,479.7828229843000,2716169.6833505100000
14.1630039772564,0.3239192775448,1.0958767451988,173.8007302423250,3188968.1933419700000,10.6045379234545,2.1031523044458,2.8751097720997,208.2777382409580,3180750.6106098200000
12.8287379936250,2.3980204881756,0.3560415181995,251.1365061040990,3456747.8194065400000,2.3503207144424,7.6372291277668,5.5952501577908,350.1921142679960,3442911.5507541400000
15.0093486085862,0.3530468204907,0.2204045709231,251.8988699950850,2175665.0604689700000,2.5553522981070,6.5800449757303,6.4474027261626,380.2569321786460,2152979.7510238500000
13.0242802096749,0.9397543199885,1.6187654703366,339.0678584546040,1559874.6120861600000,2.9189518782899,5.9924184856810,6.6714296360291,441.7792089847890,1524471.3134940000000
12.1734657991784,1.4230543735305,1.9862798272911,315.0318913659530,3695299.8992043100000,2.7320188599417,6.1437778431489,6.7070032969095,408.2784574881900,3681611.4626800300000
13.6847851965114,1.1296151520248,0.7683996514638,367.8644484451660,2429802.3258729100000,3.0744771033010,6.4347691986301,6.0735536980690,468.8046115577040,2405759.5494700000000
12.2386383084176,1.4196118643779,1.9245498272045,251.4722054888540,3548384.0744796300000,2.3808002964608,6.3485308703563,6.8534688331829,351.2789501937570,3535755.8703821400000
13.5969430997144,1.1033692945550,0.8824876057307,206.8636892234340,1820170.3763235300000,2.2196816782883,6.7920000052680,6.5711183164437,329.0162226766690,1797115.1560561100000
13.2600961090512,1.8838110435464,0.4388928474024,173.9199670811670,1617147.5081815900000,11.0267787770861,3.0004697095290,1.5555515133849,198.8769361373390,1596942.8961953500000
13.5431762813832,0.7684331750610,1.2711905435557,363.0537611193540,3924959.1804657500000,3.0467398788355,6.0166513763350,6.5194087448296,463.5797779546860,3910739.8227511900000
13.3154142691242,1.3852577411133,0.8821279897625,206.7661679242740,3841417.9113752500000,2.1462145111761,6.9698576200873,6.4667278687366,314.7601876954180,3831270.0973724700000
11.3430681457494,2.0613356563554,2.1783961978953,257.1629701691930,4199398.4368897800000,2.3493881392999,6.5581756595801,6.6752362011200,345.2439403018150,4188855.8384163100000
14.0611212231976,0.7994647113530,0.7222140654494,302.2908748201950,3806338.5895655400000,2.7545632892067,6.4527436783485,6.3754930324448,411.6630804423560,3792769.5514837100000
12.3559750993967,1.8437566365345,1.3830682640688,213.1910975583760,1406944.8146232300000,2.1753561443035,6.9340661140811,6.4733777416154,323.2376617126470,1376286.6334350400000
12.7230582610016,1.6357845274573,1.2239572115411,327.1756112301760,2879579.0818210200000,2.8165836077084,6.5890218541039,6.1771945381877,423.0382098491070,2860870.6909272500000
13.6194561606395,0.4352334305625,1.5281104087981,283.7165827818980,4193086.9283323600000,2.6393853745454,5.9252688236095,7.0181458018451,393.2974241705140,4181643.1872019500000
13.5406161189512,0.5426229255869,1.4995609554619,191.9093649320900,2781923.6473135300000,2.1243330258986,6.2507644721132,7.2077025019882,313.8796777661000,2769212.1819782400000
13.6524739780711,1.1208616369784,0.8094643849505,365.8132227782890,3833185.3102135900000,3.0543443513254,6.4199264503512,6.1085291983233,464.7764067615610,3818270.4717858000000
13.5479446754799,1.5722071221965,0.4626482023236,177.7673449720280,1503642.2697759600000,10.5525747407162,3.0698920895783,1.9603331697054,211.6676438512780,1481405.2388400600000
12.7703140656555,1.3371871403108,1.4752987940337,231.1623081173810,4163862.3368011900000,2.2741789468124,6.5852546997324,6.7233663534553,333.5890342733950,4153716.1320920000000
13.8529237541204,1.5070023607487,0.2228738851309,215.5149534387400,3975868.9456854500000,2.2089739335553,7.3289772710312,6.0448487954135,325.2099045120040,3965348.9678492500000
13.2017262684115,0.2017338281394,2.1793399034491,296.5207429397080,2936356.6668393600000,2.6995159452593,5.4528389897155,7.4304450650252,407.4976436237850,2919656.8684024700000
13.8029162072476,0.5252297723908,1.2546540203616,175.2536498496780,2551239.9556556000000,9.9803309553621,2.4365223983336,3.1659466463043,216.3854023027320,2539950.2694498100000
12.4545109282028,1.5046101317212,1.6236789400760,261.8670558870430,2279749.2392438300000,2.4620613179712,6.5008349368370,6.6199037451918,365.3790993913340,2258750.4740448100000
11.9351691263277,1.7034094403938,1.9442214332786,178.9375642039490,3390097.9407570300000,6.8819308299165,4.2300285885994,4.4708405814841,228.5599254267610,3381859.7021422200000
12.3869232272661,1.9930312511926,1.2028455215413,180.9903735550630,1339601.1433236700000,9.1493975683438,3.6117940806538,2.8216083510025,218.1653319780450,1314083.9835692400000
13.1205451155481,2.1918555554574,0.2703993289945,366.5020978453200,2384774.5590498900000,2.9908488085260,7.2567037089685,5.3352474825055,458.6393053196630,2359694.3201093000000
12.2949712651024,1.7618368418157,1.5259918930819,230.4734077423130,3975787.1391372900000,2.2398721933582,6.7893863776878,6.5535414289541,328.6359888726340,3965132.2551550200000
13.3079091889611,0.6726467538415,1.6022440571974,316.5752290952450,2884790.9792848900000,2.8108806705295,5.9211610130573,6.8507583164132,422.8995499952740,2866777.2408271700000
12.9162569936486,1.3343595276498,1.3321834787015,416.1806561515890,2674271.9222811600000,3.2737903602736,6.1555928443374,6.1534167953891,506.2176804318920,2651391.1500635900000
12.2473498511939,1.9126651251646,1.4227850236415,269.3658583358200,2739958.2234765600000,2.4757622626998,6.7984589194116,6.3085788178885,367.2132890449290,2722251.6193829900000
13.2119659753383,1.4448354761476,0.9259985485141,341.7516057145520,2196016.1355362400000,2.9189589516497,6.5913389879919,6.0725020603584,441.2418316851270,2170400.9475705800000
12.3749015918280,1.4658936828127,1.7420047253593,359.2353999798890,4057428.9206386300000,2.9675162167800,6.1695863703367,6.4456974128833,448.8738132470640,4043951.6824982100000
13.3712979722136,1.3418484285551,0.8696535992313,269.4092820166000,4147780.5145317600000,2.5243230073448,6.7653359109894,6.2931410816657,373.3920820026040,4136217.4458689900000
11.8483523711401,1.7053219044077,2.0291257244522,330.9174589857760,2789333.0002734800000,2.8023464317183,6.2283248741186,6.5521286941631,420.5815170182520,2770440.9928834900000
14.3588064104440,0.3056626370643,0.9183309524916,180.2923939995620,4178510.4735690100000,8.4343841476533,3.2678737684597,3.8805420838870,228.6601606187150,4172741.1432426900000
12.8473929745241,1.0780212079069,1.6573858175690,407.7177181543520,2621946.7359892300000,3.2372108920529,5.8831122491426,6.4624768588046,499.6753322926300,2599173.3500453100000
12.7158115150866,0.7336957658922,2.1332927190212,201.7391825723850,2535518.5545870900000,2.1414817372908,6.0208606547902,7.4204576079191,317.6676841259050,2520535.7811235900000
14.4173830197486,0.8981284266518,0.2672885535995,223.4653595385080,1918322.8585139400000,2.3537324306572,6.9299537211976,6.2991138481452,349.4076120371610,1894335.5573646500000
13.2995476323221,1.2968258661483,0.9864265015297,370.2011518184010,1860423.4932449000000,3.0718355422616,6.4106819111786,6.1002825465599,468.3951891468140,1828829.0365043900000
11.9157835770720,1.6141824789064,2.0528339440217,284.5786420197630,3714987.3133139700000,2.5493081174394,6.2974202087227,6.7360716738380,377.8693051306900,3702142.1592726400000
13.6868511109289,0.9459500956239,0.9499987934471,362.2324808802480,3407247.5888543900000,3.0471772374163,6.2657870323803,6.2698357302035,463.4109810241730,3390579.7960877200000
13.1122858035461,1.4582517715617,1.0122624248923,259.2978616801340,2836262.5123267500000,2.4692914643933,6.7797489411380,6.3337595944686,366.0389178030620,2819303.8943895800000
13.6150131040254,0.4342056151822,1.5335812807924,225.3311071781390,3704334.1387480600000,2.3097470095358,6.0868386624271,7.1862143280372,340.8216663914210,3693034.7731604100000
12.7621196041737,0.6641834564092,2.1564969394171,160.2767590034110,2784435.8508809400000,11.6408473916748,1.2248195626586,2.7171330456666,171.4701192525760,2775712.1178351800000
12.5521076739609,0.9019452088474,2.1287471171917,335.8293962939880,2900689.3541381800000,2.8700839295566,5.7429570810496,6.9697589893939,433.9458078630440,2882561.3750709600000
13.1922006885330,1.1018467565525,1.2887525549144,268.5597907535110,1918526.1926461000000,2.5482308841092,6.4238316587645,6.6107374571264,379.4052467330560,1892731.9436423400000
13.3723654956152,0.6125623352562,1.5978721691286,274.6800288337070,3004679.8163359200000,2.5902859526045,6.0036021067615,6.9889119406340,386.0465032824850,2988635.9499221600000
13.1499143378047,0.7106285595521,1.7222571026432,318.3205787241000,1714013.3535096100000,2.8212692103309,5.8749511232890,6.8865796663801,425.5758633420940,1683053.2573283300000
12.7985678118874,1.8125908677968,0.9716413203159,166.3953099328850,1451448.2306929400000,11.6006295856605,2.4115599809102,1.5706104334293,180.2901962912960,1429781.8265862900000
12.0761726304604,1.4599451552519,2.0466822142877,237.1639569815270,3281592.9543872100000,2.2912650545855,6.3523989431893,6.9391360022251,337.8498064383560,3268408.9088864500000
12.4768792956528,1.9905887023840,1.1153320019632,363.2713081181700,3064822.4873945900000,2.9769637266152,6.7405464869029,5.8652897864820,451.8469092648150,3046165.1999015100000
11.8222109069292,1.5171530119596,2.2434360811112,342.2155049656820,1937002.2108653700000,2.8679863527092,5.9942652890696,6.7205483582212,432.8441881348650,1909154.2110864900000
12.8574155067687,0.7369501088137,1.9884343844177,184.5916819861340,2478211.8326739000000,2.0477659537170,6.1417748853395,7.3932591609435,303.4401438520160,2465208.1899758100000
14.4943825204286,0.5003384217650,0.5880790578064,185.9218003074810,3126733.0398111900000,2.1191734257997,6.6879429690795,6.7756836051208,311.8051710166500,3116210.7152029200000
13.6386911781648,1.2956501813256,0.6484586405096,175.4892454865000,2910392.1117038200000,9.7649353857564,3.2325280775298,2.5853365367138,214.0416573669850,2900501.7825157200000
14.1493604703754,1.0331844709776,0.4002550586470,152.1584010251360,1669979.2799109600000,13.5783841963376,1.3186726079966,0.6857431956659,158.6630128381000,1652973.7426978300000
12.9083411543229,1.4910206894082,1.1834381562689,266.7781903053100,1790675.1618012800000,2.5128305072497,6.6887760129447,6.3811934798055,373.9942448636820,1762890.3462287700000
13.6114658955684,1.7079561436050,0.2633779608266,330.9381962828640,1302898.3125385900000,2.8619959202647,7.0826911312568,5.6381129484785,434.1100844687080,1258353.1794695900000
13.3866361758351,1.0229606777416,1.1732031464233,349.5266168149990,2512671.1664716600000,2.9778811649832,6.2273381831676,6.3775806518494,451.1893406771650,2490396.3784545200000
11.9676620077302,1.3641811598047,2.2509568324651,296.6137650287530,2716608.4687416900000,2.6306831098374,6.0326706087511,6.9194462814115,392.7220770573350,2698447.9511856800000
13.1328170882403,0.6584852564402,1.7914976553195,180.0337509633610,1763619.6451421600000,8.4482891965498,3.0007492022855,4.1337616011648,234.8619591896720,1745691.3763737500000
11.5541767557939,2.0890555136023,1.9395677306039,324.3675190938630,3233831.8739489000000,2.7427575065077,6.4947651382454,6.3452773552470,410.0857161830290,3217737.1492617100000
13.3980374338318,1.1081201926744,1.0766423734938,184.9139628308880,1351969.0702486400000,7.2172351920844,4.1985213135481,4.1670434943675,256.0294838271900,1326386.1614004100000
13.8067652283897,0.8736742234235,0.9023605481868,187.0677119905470,1647058.5339058000000,2.1310795622273,6.7115170565047,6.7402033812680,315.7511849475020,1625562.7631679400000
14.2931842647163,0.6983895477637,0.5912261875200,177.2119695882350,4061163.3957461800000,10.0926333586180,2.7986650008129,2.6915016405691,209.5560173672710,4055300.3100623600000
11.3068429623093,2.1293615616939,2.1465954759968,189.1995205672120,4129976.5157033600000,1.9067282338297,6.8294189259337,6.8466528402366,278.2169894406760,4122573.2422984800000
12.2904582692856,1.5769052740266,1.7154364566879,196.4373583836620,1389652.1621383800000,2.0867714115056,6.6787487029165,6.8172798855779,310.1619103694950,1362052.5016863800000
11.6330927157051,1.7089781262187,2.2407291580762,204.1647025429200,2732257.3468849700000,2.0719164521761,6.4895662579832,7.0213172898407,305.7370538262260,2718251.7344254800000
12.4322465922501,1.5599155678165,1.5906378399334,237.6244179412440,3801894.1716026100000,2.2993897625351,6.6263439826741,6.6570662547909,338.0297372436980,3790463.4626990200000
13.3718560652459,1.6970965064309,0.5138474283232,237.3344037643760,2004340.8822500200000,2.3501756870421,7.2079366955328,6.0246876174251,349.6275568813780,1980611.9171035100000
13.5469296477163,1.3099300507176,0.7259403015661,210.0474734006990,3719383.4747845200000,2.1827730114365,6.9920083688575,6.4080186197060,320.5831118325760,3708562.0222183400000
14.1464822136616,1.1719413041380,0.2643764822004,219.2875495003430,3659414.4579683200000,2.2686488164983,7.1108580027196,6.2032931807821,334.2076701661910,3647662.6228570200000
13.2839632000510,2.0496907222773,0.2491460776717,396.4465838589300,3124022.0018193300000,3.1439980237418,7.1196733104320,5.3191286658264,486.4322289009880,3104220.3197192500000
13.9039162901230,0.9561805569759,0.7227031529011,344.0896099775360,1306490.7758264200000,2.9787558034818,6.4187608002965,6.1852833962217,451.8325193423110,1262165.6922990200000
14.3581107996611,0.6918291143927,0.5328600859462,303.3836721905510,2401199.4252081100000,2.7887964831512,6.4764862726477,6.3175172442012,418.4341381133650,2378976.9425812700000
12.8115239116992,0.8881874996746,1.8830885886262,200.9036923011120,3922776.5198280600000,2.0970280727734,6.2454354191375,7.2403365080891,307.7390687856690,3913682.1601180600000
11.3988447046010,2.0945019964310,2.0894532989681,208.5205125389210,3273019.8286875900000,2.0658870990086,6.7609807992272,6.7559321017643,303.6105525974270,3261199.3414045400000
12.7965900706496,1.8010690755679,0.9851408537825,171.3477190390990,2398587.0791058900000,10.5106990725314,2.9440145746270,2.1280863528416,195.3467183934750,2386279.8029022900000
13.0045974396842,2.1745917427010,0.4036108176148,402.2089133751610,3132668.6610367700000,3.1603412521515,7.0967198364674,5.3257389113813,489.3986973314650,3112845.2436528800000
12.5160341987128,1.0500902806023,2.0166755206849,345.0534000843530,2005481.6151647100000,2.9206813890676,5.8477666854250,6.8143519255075,442.4925580349590,1978358.0733109300000
12.7093797413523,1.6267485800642,1.2466716785835,303.9497548243460,2957097.9076513000000,2.6928552646116,6.6350108184345,6.2549339169539,402.0802252805220,2939603.0344022300000
13.5015075935817,0.2487281330174,1.8325642734009,236.5064012224990,4147013.4439516300000,2.3625120726326,5.8182258934920,7.4020620338755,349.6400187058680,4136802.4346033900000
12.4858508854775,1.7586264901259,1.3383226243965,195.8721833609940,3764077.8548260000000,2.0294831000043,6.9868103828626,6.5665065171332,297.3545228673700,3754723.1329748800000
13.2051314240494,1.2443773781571,1.1332911977935,321.8092435612510,2121988.1384982800000,2.8255484478690,6.4341688662473,6.3230826858837,424.8330351729370,2096452.9472380300000
12.6224020614360,1.3240855727103,1.6363123658537,422.6699868468890,3279127.2269056300000,3.2908545543830,5.9898593262369,6.3020861193803,509.8016573699340,3260608.1872060100000
12.3384695507554,1.7619045634909,1.4824258857537,197.0392383637000,2338561.1398478000000,2.0682494473498,6.8970146151938,6.6175359374565,305.7843351513930,2322318.1856409200000
13.2302957720102,0.9549573062353,1.3975469217546,221.1506611578760,4162087.6328893700000,2.2416945106221,6.4492579369293,6.8918475524486,328.7238102227550,4152306.6375648600000
13.6097619364434,1.4331733933631,0.5398646701935,259.5166119427480,1543560.2576929500000,2.5017064092736,6.9872011569480,6.0938924337784,373.1981041379780,1510789.2703683300000
13.3174182790981,0.9192246495920,1.3461570713099,170.4225564032350,2025887.0704489300000,11.2580766236116,1.9488954773352,2.3758278990531,193.6538320235970,2011360.8639998300000
12.6870819668034,0.9213341166333,1.9743839165633,338.8105144815150,3652905.1844135200000,2.8868446880860,5.8214527559920,6.8745025559220,436.0194786294950,3638514.4523447200000
13.0817826004775,1.4845740811296,1.0164433183929,261.0591798241410,1544827.0012464500000,2.4902067647611,6.7803619989878,6.3122312362512,370.8334302716610,1512547.8547272500000
12.6889819628129,1.1124007554518,1.7814172817353,421.2625155847300,2840636.4948513900000,3.2919955324009,5.8108939706577,6.4799104969412,510.5530047884560,2819358.8611031400000
13.4178815936607,0.4048201949174,1.7600982114219,261.0027799214060,3621806.6395290600000,2.5104313958787,5.8585452938084,7.2138233103129,373.3314493422630,3609126.4440988000000
12.3738342096695,0.7394822678159,2.4694835225146,321.3054574270840,3442587.4015710800000,2.7797424749160,5.5365281351927,7.2665293898914,419.7899556853180,3427995.6719804700000
12.9058377751940,1.9631257178411,0.7138365069650,192.6060663122790,1710822.6428771300000,2.0652410171050,7.3834240968856,6.1341348860095,307.5601307164730,1688511.1875391200000
13.0077511102446,1.6752822909367,0.8997665988187,255.2512764266740,2569893.3479245700000,2.4351409477995,6.9615873721592,6.1860716800412,361.3635315388820,2551129.6903976600000
12.6667749939994,1.7919679799214,1.1240570260792,194.4729762304240,2316103.0799990600000,2.0654513888017,7.0926297825202,6.4247188286781,305.6804236781010,2299841.9689216200000
14.5449655575117,0.8332473481710,0.2045870943173,359.2390310463680,2687642.7418733000000,3.0654984217952,6.5729809160291,5.9443206621755,467.4894560972510,2665870.2158469800000
13.6440977226424,0.2221827080850,1.7165195692727,390.4266696486470,3003469.8603598700000,3.1908179062235,5.4488226162943,6.9431594774821,493.8134696837370,2984307.1788013000000
12.9591785366827,1.3171679706930,1.3064534926243,246.8143815885060,1722836.5161366100000,2.4119963068150,6.5907590856268,6.5800446075581,358.2607202996110,1695220.9308267400000
14.3637793150198,0.2411695782156,0.9778511067646,339.2078556143200,3925458.7610086600000,2.9705862762350,5.9377660976079,6.6744476261569,450.1058409641280,3911656.7300080300000
13.5182891067862,0.8371294329660,1.2273814602478,231.1850229199270,3156563.3201634400000,2.3429530612710,6.4247974557236,6.8150494830054,345.8335912020610,3142624.8143053100000
14.0038173649732,0.5200736308269,1.0589090041999,296.4536878645000,1772524.7571779400000,2.7513852287282,6.1462896989495,6.6851250723224,412.8893965236490,1742945.4389529000000
13.6559534705658,1.1067375350873,0.8201089943469,379.7488546147110,2941140.7139048100000,3.1288685440922,6.3702799983241,6.0836514575837,478.7113526997770,2921108.1548640600000
13.1543901150151,1.7939802176641,0.6344296673208,314.9072929568320,4001686.7972338600000,2.7465283356996,6.9979111073218,5.8383605569785,411.7384268238920,3988429.7373885300000
13.7995911977975,1.4064180711443,0.3767907310582,242.5459272746480,3570995.4626854300000,2.3868513738518,7.1127879831171,6.0831606430310,352.9387604314720,3557976.2495194100000
14.2243142451789,0.8867788429983,0.4717069118228,232.5861064399370,3288492.6972390700000,2.3743883093496,6.8117418109130,6.3966698797375,350.5539293676920,3274713.8192555400000
12.2335667035532,0.8812296483813,2.4680036480656,274.9155414731330,2652035.9264499500000,2.5302350359690,5.7328954821733,7.3196694818577,378.2570907673300,2634306.9956370600000
13.9350490406461,0.3456250942342,1.3021258651197,266.6502002888480,2054922.4774329400000,2.5913771590226,6.0174610350460,6.9739618059314,387.0786763685380,2031080.4609700700000
13.4575924311342,0.4865566992369,1.6386508696288,249.2513437603370,2950877.6961233600000,2.4558415948017,5.9874321174032,7.1395262877951,364.8523111200770,2935398.4812226000000
13.2207817310770,1.5934273909299,0.7685908779931,304.0960991639260,2021434.9223754200000,2.7174459540773,6.8450952794298,6.0202587664929,407.4993064126750,1994915.4894479000000
15.0044168804313,0.3876848437722,0.1906982757965,354.9425209337350,2225974.6154106000000,3.0809548240865,6.3494158719446,6.1524293039689,469.8988508167160,2199735.4270456500000
11.6815028706167,2.3022984399459,1.5989986894374,267.1164002806910,3941326.4734291300000,2.4150552317831,6.9355222593628,6.2322225088542,356.3860751195350,3929472.0511491400000
13.6423615121168,1.0454323957558,0.8950060921274,268.5021976470330,3867138.1188837900000,2.5445409619782,6.5943426708251,6.4439163671967,376.7664020715950,3854705.9140112100000
13.5959595711978,0.3446300965524,1.6422103322498,184.4648814066680,3604309.3300809700000,2.0471365470926,6.1190416086050,7.4166218443024,301.3835436101860,3596099.6247425700000
12.5325035001450,1.2576006188767,1.7926958809783,156.7437884299030,3984848.4407839400000,11.5884114868673,1.7296466255156,2.2647418876171,162.1130675168130,3980684.5960093600000
13.4024590987360,1.8302207736466,0.3501201276174,230.0911331760810,1818635.8572500500000,2.3034644193367,7.3797181133462,5.8996174673170,343.4197063927200,1792718.5285934700000
13.4289441646099,0.8363510613947,1.3175047739954,237.6356808801860,2800869.3298857500000,2.3828466098440,6.3593998387777,6.8405535513783,352.5708664506790,2784759.3023080500000
12.0116176102305,2.0199010691252,1.5512813206443,330.4184769747470,3118315.4175870000000,2.7937636336388,6.6288280574211,6.1602083089402,419.0495420465900,3101184.0882336500000
12.9230427010888,1.5105556442898,1.1492016546214,414.1143150435090,3948228.8031126200000,3.2510360217834,6.3465589839424,5.9852049942741,502.1349534467940,3932835.3960487400000
13.0816907431834,1.3940281024580,1.1070811543587,408.2617208886270,3225507.9361325400000,3.2363002906625,6.3167233287185,6.0297763806191,499.1250976406310,3206691.8890559500000
12.0992149742503,1.0508318644561,2.4327531612937,276.3766281438050,2428659.1866785800000,2.5320759206927,5.8344013912348,7.2163226880724,378.1715230047730,2409111.9982530100000
13.7925245554839,1.1584766159215,0.6317988285946,216.3720375256550,3446021.9861068400000,2.2455711300995,6.9319533286137,6.4052755412868,330.5440468610270,3433779.7352209400000
12.8371952498869,1.2136319269345,1.5319728231786,360.8358326230680,3671141.0931553200000,3.0012505579634,6.1316042728963,6.4499451691404,455.1222913159430,3656046.5515133900000
13.0726129632705,1.0409401067255,1.4692469300040,359.5743577441830,3040999.9002118300000,3.0119817903829,6.0712556931693,6.4995625164478,457.3597777021600,3022648.2525836800000
14.6505864532095,0.6906429574662,0.2415705893243,354.4188659340980,1546491.4870578400000,3.0604990906759,6.4856866387330,6.0366142705912,466.5622593793680,1508224.1741662100000
12.4759874702139,1.3770784889987,1.7297340407874,355.2579822505020,3974838.2031611600000,2.9536781115132,6.1382331683491,6.4908887201378,446.4803182078120,3961155.7268673100000
13.6282130737670,0.2130911276631,1.7414957985699,179.2340350182430,1455433.6644180200000,9.8742337483463,2.0900807903734,3.6184854612802,224.8777683468740,1433638.0975863500000
12.9950578916022,1.4929486217883,1.0947934866095,338.1106788098070,2828372.3627643600000,2.8879022263208,6.5465264544290,6.1483713192502,435.3782814863310,2808904.0246044600000
14.0274690250162,0.2979755770513,1.2573553979325,277.8599196918670,1644674.5021972700000,2.6614778618989,5.9809711586100,6.9403509794912,398.8463688035230,1613912.0647281100000
13.0411803741720,2.1804593077033,0.3611603181247,208.5570446503620,2402414.6716989100000,2.1366063107681,7.6327463394052,5.8134473498267,318.2137169009140,2384684.2172156100000
11.8839794713984,2.1746935846348,1.5241269439669,177.1911716019180,3657214.3457438200000,7.9136613278804,4.1598526563937,3.5092860157259,213.1861960270870,3649836.4077410900000
12.7660808329698,0.8530265844176,1.9636925826127,377.3065548040840,2007878.1551579000000,3.0935281377631,5.6893029320209,6.7999689302160,473.9962778035850,1979485.0205696700000
12.5811723503585,2.3705177132107,0.6311099364307,198.3026875174540,3864825.7113713700000,2.0146635805233,7.6537720981284,5.9143643213483,296.9943803129110,3855285.4514368300000
12.9542853027758,2.2624524019884,0.3660622952358,195.1452951006580,3366675.7048015300000,2.0252383417457,7.7269758825035,5.8305857757508,300.0003095094100,3355641.3893853700000
13.1204196780909,1.9783122458840,0.4840680760252,333.8124717294670,2396630.4704382200000,2.8432120193194,7.1169160752697,5.6226719054109,430.4523974940260,2373074.5199261500000
13.6818183514151,0.4498117343123,1.4511699142726,396.8514675977710,2021866.8718882100000,3.2309122097016,5.6752648051691,6.6766229851295,499.5180430588560,1992466.6071043700000
13.3532872431700,0.1887475406016,2.0407652162284,292.5700655049510,2033275.8611938900000,2.6976311139407,5.5165756052163,7.3685932808431,407.3105219938790,2008753.1276510500000
13.3982638345334,0.6831349432279,1.5014012222387,343.9458367183310,3525006.4241281100000,2.9496962286708,5.9074187461591,6.7256850251700,446.6631824317670,3509697.3807023500000
13.3654745551439,0.9674779104000,1.2498475344562,192.3909439469540,1444599.4666370000000,2.1390505803525,6.5806898977957,6.8630595218519,317.7350086744490,1418739.8565502000000
14.0948389942469,0.6566888113315,0.8312721944217,413.1541512886040,3287336.8460658400000,3.3107394440319,6.0487385864389,6.2233219695291,513.6158076969540,3268692.6157436300000
12.4503911002738,1.6825597616211,1.4498491381051,299.2840064226480,3098806.5542379000000,2.6553803566509,6.5800651334326,6.3473545099165,395.6578951324640,3082410.0686332700000
13.3477945543926,0.7139927778207,1.5210126677867,337.6065559060890,3465385.4269093000000,2.9154516809198,5.9301642145571,6.7371841045231,440.5656139696190,3449963.9191664800000
12.9080410912318,1.1079695574793,1.5667893512890,160.0913929813730,4134041.3802024400000,11.6850446349739,1.7194677856082,2.1782875794179,167.4557506587640,4129971.1434595300000
14.4668109805279,0.7004280543660,0.4155609651061,373.3402629570870,2413349.1867157800000,3.1400507197265,6.3638081847667,6.0789410955068,480.8528447387090,2388723.2429729900000
13.2344081218075,0.8427119149147,1.5056799632779,356.6188086102300,2054596.2467097900000,3.0142731997429,5.9527793759470,6.6157474243102,458.4192874442880,2027227.7060512600000
11.8223314805414,2.1227558911160,1.6377126283427,183.1716169644340,3844661.6544409600000,3.5365441756255,6.2656495435739,5.7806062808006,261.3737771346200,3837183.7338809500000
12.9487279305496,0.2041148256138,2.4299572438365,294.9124654744800,3637678.3521808800000,2.6669411093589,5.3450082362092,7.5708506544319,402.6373140629810,3624540.0154906500000
13.0889747583375,0.4600698500130,2.0337553916495,239.9300815386570,2637251.1313611300000,2.3876336767843,5.8107403907896,7.3844259324261,355.5732333451390,2620448.8152010900000
14.1207263241288,0.9475189438676,0.5145547320036,300.8200454132470,1563788.8949802400000,2.7638036839790,6.6259802639425,6.1930160520785,414.9930320347610,1529096.7168440300000
11.9974513061638,1.6919252867264,1.8934234071098,260.0910876577630,2936379.5932922700000,2.4193611992329,6.4809703401918,6.6824684605753,357.9153602756730,2920547.3421218900000
14.3303912081923,0.6415775813510,0.6108312104568,264.5657747052010,1843410.3785309600000,2.5907029228129,6.5114217240407,6.4806753531465,386.2318840161040,1816083.2530530100000
12.5227971015354,2.3772632239886,0.6827396744760,199.8836218303230,2841899.7990947200000,2.0488622525835,7.6142306484646,5.9197070989520,304.0083313020210,2828076.0833593300000
12.8056895401870,2.5790766908783,0.1980337689347,220.4867403747020,2329596.6331428100000,2.1718537345350,7.8959945937043,5.5149516717608,325.5242715774080,2310127.6455516200000
13.9250594521934,0.9044254629893,0.7533150848174,155.6678738056590,2212872.1637909300000,13.1214734026135,1.3062184877792,1.1551081096073,164.1703388410610,2200859.9303391100000
12.5909156443334,2.2538314600231,0.7380528956434,404.9344690832320,3407550.2596438100000,3.1638423760039,6.9673680941879,5.4515895298082,488.7330840336120,3389499.2856347800000
13.6590296941736,0.4372572328070,1.4865130730194,330.4211693662780,2795741.2885872600000,2.9020751565415,5.8157345016231,6.8649903418355,439.0862098217500,2776656.8627237700000
12.8019601513127,1.7800601323805,1.0007797163067,407.4013458854040,3592870.2039461900000,3.2067706711366,6.5776548724686,5.7983744563948,494.2917541092540,3575940.4025871700000
13.5640394091196,1.4459151302067,0.5728454606737,195.1294137135970,1893028.4859409700000,2.1306816804866,7.1625939945232,6.2895243249902,316.2550298338350,1872419.4022568900000
12.9080936851855,1.6013257290913,1.0733805857232,404.2228426262470,3266507.6249234100000,3.2043183931879,6.4532133750901,5.9252682317221,493.2833389013090,3247988.0102554200000
13.6302245023723,1.3920587078048,0.5605167898229,369.3255763672960,1452208.0736502700000,3.0732545336623,6.6705436921598,5.8390017741779,469.6012014690570,1410747.4826584300000
13.2892437195992,0.5599147295470,1.7336415508539,309.3607982910350,3623399.8508512500000,2.7663309223966,5.8213711281482,6.9950979494552,415.4139591200490,3609477.6270314400000
14.6611138898832,0.4549152324081,0.4667708777086,271.4498244298300,3267849.0525760100000,2.6288771294848,6.4710336126073,6.4828892579079,391.0886044652680,3252641.7491484100000
12.6524854286399,1.4205563421266,1.5097582292335,221.1013913326330,4043425.9407437800000,2.2059214197073,6.6438383465928,6.7330402336998,323.2825760969990,4033347.9439114700000
12.0499762705479,1.8209304338153,1.7118932956368,357.5372047074160,1565518.6143370100000,2.9510311864769,6.3704029758508,6.2613658376723,446.7971922648890,1529203.7308181600000
13.7694517097280,1.6241683736209,0.1891799166511,213.1127770611180,3934471.2746767200000,2.1855436095264,7.4161224237217,5.9811339667519,322.0202072304710,3923940.8510280300000
13.9426116705555,1.1770400550374,0.4631482744071,167.7156361201640,2778863.8074542900000,11.9654599707558,2.1656159049372,1.4517241243069,187.0145148686430,2769081.0568694000000
13.4145841130500,1.9702352601748,0.1979806267752,361.7829449743350,3083220.3389061600000,2.9835468953359,7.1857538690319,5.4134992356323,456.3275791525300,3064115.0918632200000
12.0101200796210,1.5348747815410,2.0378051388380,335.2518031584040,2216606.4825692800000,2.8388725340835,6.1204985543098,6.6234289116068,427.3460620010260,2192468.9604269000000
14.5946123026300,0.7070271756167,0.2811605217533,347.3986540808920,1524713.6963947200000,3.0242565732443,6.4922050403096,6.0663383864462,460.0144686162830,1486302.3448802500000
12.4437742307740,1.5880817058920,1.5509440633340,327.2087886477430,3766780.7914107500000,2.8032510493419,6.4083432966081,6.3712056540501,420.0092460520910,3752844.0837576800000
13.6042192640367,0.8436298102342,1.1349509257291,265.6573290404680,1719128.0301506800000,2.5610337467043,6.3652225689004,6.6565436843953,381.6986428261540,1690209.6621103000000
12.2366166862292,1.6197056133125,1.7264777004583,257.8503346883520,2374408.7986966300000,2.4250735597056,6.5254771765743,6.6322492637202,359.4833513141360,2354531.1078650900000
12.2369447926802,2.3866470690728,0.9592081382471,375.2546683935890,3104935.1559356300000,3.0083679692671,7.0009354807793,5.5734965499536,459.2909445644370,3086034.7355247700000
14.3775338190761,0.9389538400372,0.2663123408867,237.6100903690150,4192900.5170509700000,2.3869658990559,6.9342378000473,6.2615963008968,351.5713156024750,4182127.0762395700000
12.3912814914003,2.4758430537448,0.7156754548550,374.8129773205800,2800297.9864125100000,3.0025516809702,7.1702079589599,5.4100403600700,459.8156817610130,2779083.0232775600000
11.9649892439080,1.7919526015632,1.8258581545288,367.7842901231520,4172482.5239359100000,2.9871051587057,6.2808946441644,6.3148001971300,452.2738367769730,4159227.8949902600000
13.6897126738031,0.4009399559432,1.4921473702537,385.2248337349010,1956949.9414119300000,3.1774471468955,5.6570727193969,6.7482801337074,489.6191159966900,1927069.9306169200000
13.1095481844169,0.6236099046712,1.8496419109119,289.5557064498050,2454215.0406186200000,2.6628703895805,5.8469488020894,7.0729808083302,399.0259594663410,2434001.6828800100000
11.8266024006550,2.0805778353545,1.6756197639905,325.4425433257400,3320049.1995837600000,2.7578371438702,6.6149604637469,6.2100023923829,412.7396053293540,3304208.9818575700000
13.9791875227254,1.2177523363133,0.3858601409612,412.4468586443650,1487458.2024152200000,3.2930700640834,6.5608110656344,5.7289188702823,511.0001130965630,1444420.4620160800000
12.1726126350065,1.6291768244305,1.7810105405630,272.5341067851920,3468218.5888972500000,2.4945567180493,6.4682047829091,6.6200384990416,369.1539162141650,3454570.0401716800000
12.3675545998444,1.6469063375913,1.5683390625643,166.5651942591350,2519161.2505751600000,10.7617757249865,2.4497957750203,2.3712284999933,183.3260631520620,2508177.8071728700000
15.1521123462658,0.2207906022436,0.2098970514906,389.2229715718120,3652820.5186902700000,3.2420399007301,6.1758268250115,6.1649332742583,500.1365284780330,3636351.9219031600000
12.0823973556742,1.8509010798670,1.6495015644589,324.2080906582470,2400855.3287347700000,2.7740595619551,6.5050699767265,6.3036704613184,415.9635371447960,2378666.1158485000000
12.9904546893621,1.4937270736496,1.0986182369883,248.0003279185620,2225296.6786286700000,2.4065794318638,6.7856647023988,6.3905558657375,356.9300045796250,2203965.4713449700000
13.5340776876769,1.8406695824212,0.2080527299019,425.1729029634350,4159548.0935071800000,3.2889110334817,6.9632529095188,5.3306360569994,513.9992824465910,4144199.7493692100000
13.8829376508609,1.3227461935770,0.3771161555621,211.8713337193430,3382724.6251082100000,2.2138164128320,7.1573068125915,6.2116767745765,326.3120692671760,3370377.7222191600000
13.7334514979734,1.5255464048550,0.3238020971716,330.0764961393380,2498231.7398527000000,2.8644510786348,6.9600466145243,5.7583023068409,433.0930875671830,2475734.4301171400000
13.7342176551873,0.3916163525374,1.4569659922754,316.9774171666800,1586027.6880044500000,2.8484698517208,5.8344902542706,6.8998398940086,430.4371361828900,1552254.0192502200000
14.3651585321540,0.5884189944018,0.6292224734442,256.8797390893450,3430221.4629825900000,2.5295344956648,6.5062310126463,6.5470344916888,374.7843185931460,3416296.2503471200000
14.7818074755927,0.2687900199300,0.5322025044773,189.2436559641790,3148188.2420251000000,2.1607466325904,6.5793204414311,6.8427329259784,318.0299321297590,3137216.1278574300000
12.9984006934889,1.1931917182800,1.3912075882311,156.9372560560160,1514141.4425345900000,12.3086207679772,1.5380816810358,1.7360975509870,165.1409869330620,1494929.0224560000000
12.7697360633704,0.7998818294288,2.0131821072009,266.2269820392070,1649473.6825657400000,2.5244834975428,5.9225081123426,7.1358083901147,377.3444605251540,1620231.8051485100000
13.1403166515666,0.8367995836062,1.6056837648272,200.8116798819930,4146629.0058575100000,2.1043520936672,6.3547818625559,7.1236660437769,308.1125340878130,4138075.3235568000000
12.8795436655616,1.1549243985243,1.5483319359141,350.3139738215690,2740718.3231595300000,2.9575089898240,6.1159417363931,6.5093492737828,447.6598832133370,2720598.5641136700000
14.0440548102266,0.6968096319479,0.8419355578255,252.2201014781950,1364999.5978764400000,2.5162802699888,6.4606969020668,6.6058228279443,374.9328741938790,1328779.5581566400000
13.2059861413475,1.8614999177426,0.5153139409100,382.2705841412250,1456111.4920115800000,3.0992537887288,6.9148660940520,5.5686801172193,476.0061113207320,1413807.0941381300000
12.9227679865657,2.4017344964819,0.2582975169524,352.6473947693540,1708534.0130453400000,2.9063172751432,7.4099598521931,5.2665228726637,444.9232599942730,1673732.2791698500000
12.7539467267101,1.3416635138159,1.4871897594740,307.6031408995290,3891075.5040465400000,2.7168591278374,6.3602073132523,6.5057335589104,405.2343327219040,3878044.6261838300000
13.9969008145556,0.1759983436112,1.4099008418332,198.8119959045840,2650878.2120365400000,2.2031569547811,6.0728702734985,7.3067727717205,326.3911096111040,2636556.5243939300000
12.6251067682227,1.8816658120341,1.0760274197432,414.2379902364200,2926484.5405872700000,3.2341093229226,6.5771645346842,5.7715261423933,499.6056238100060,2905403.6269022600000
11.6857434064443,1.7420617939568,2.1549947995989,223.2288819892460,2733923.4074118600000,2.1895003103715,6.4901833419932,6.9031163476352,323.1284299824230,2718587.5419392800000
12.6703858913193,0.3578972009195,2.5545169077612,405.1843270861300,1496577.9166088600000,3.2129835170598,5.0865983880493,7.2832180948910,502.3097625532940,1457571.3714754900000
12.2525821883451,1.8726600810727,1.4575577305823,211.7606316963830,3903174.9728837000000,2.1169887394279,6.9404568055313,6.5253544550408,310.1736763519560,3893113.7113783200000
13.7209450293124,1.0205532411415,0.8413017295461,253.1036109093700,2136839.3957556600000,2.4850877728249,6.6384818693853,6.4592303577899,369.1773896000600,2114136.8993578200000
12.1261244998728,1.8694544607720,1.5872210393552,174.1500964831380,2080235.7627852000000,9.5987313453008,3.1331510380581,2.8509176166412,202.0738432111400,2065505.5168316900000
12.7462622735987,1.1084755541042,1.7280621722971,326.6721673160930,3023163.1087480500000,2.8297066218597,6.0667533799737,6.6863399981666,425.4682707203860,3005775.3944926200000
12.5863386189104,1.4993139668784,1.4971474142113,199.8502610198580,2680049.1697632900000,2.0997357899230,6.7426153813721,6.7404488287049,309.7316686962000,2665771.1890368500000
12.6267700950608,1.1247769752900,1.8312529296493,162.4341056627070,2368102.0104128700000,11.4206200636197,1.7278519910105,2.4343279453698,175.4200905669480,2356788.7456388500000
12.5356327360477,1.1719497015247,1.8752175624276,349.5958802545340,3201272.1624398500000,2.9357795954871,5.9718762718050,6.6751441327079,444.0735855257100,3184377.7796914200000
13.4774864877135,0.5435322482445,1.5617812640420,245.8927901805740,4020781.1768323600000,2.4176339915840,6.0734584963093,7.0917075121067,357.1939955484240,4009793.3796964700000
14.0759545394383,1.3250550619360,0.1817903986257,332.3302435628010,3099233.0387735800000,2.8904955048953,6.9177845792075,5.7745199158972,437.1803252175060,3081130.7573285500000
14.2872007619375,0.6080995249760,0.6874997130864,255.9477338958640,2120236.2656815400000,2.5402188706369,6.4815904706263,6.5609906587367,377.8908241341780,2097106.8550642600000
,,,,,,,,,
