F_MeOH,F_DME,F_H2O,F_N2,T_in,P_in,T_permeate,F_MeOH_O,F_DME_O,F_H2O_O,F_H2O_M_O,F_N2_O,T_Out,T_Out_M,P_Out
0.0072354,0.0004668,0.0000778,0.002,260,260,160,0.001029801,0.003569599,0.000943358,0.004407061,0.002,531.6100284,131.4494064,1798164.688
0.0072354,0.0004668,0.0000778,0.002,265,265,160,0.000897936,0.003635532,0.000625021,0.004791331,0.002,565.4662044,144.0067456,1798019.406
0.002710488,0.001684021,0.003385491,0.439325347,337.5151381,337.5151381,185.5833962,0.002338979,0.001869776,4.20886E-05,0.005698977,0.439325347,188.2563935,186.6611132,1506557.54
0.0072354,0.0004668,0.0000778,0.636070164,504.0846831,504.0846831,150.2552492,0.001076861,0.00354607,1.35785E-05,0.005313311,0.636070164,156.4807686,155.970787,1913719.008
0.006546775,0.000599013,0.000634212,0.330573661,211.092439,211.092439,67.88609917,0.006539975,0.000602413,9.02044E-06,0.002798411,0.330573661,70.61358029,70.3907569,2045977.193
0.006695463,0.00039703,0.000687507,0.847296045,694.1010466,694.1010466,98.82572813,0.001164037,0.003162743,9.33601E-06,0.005613704,0.847296045,105.4722781,105.2310757,1938782.29
0.006608205,0.000652239,0.000519556,0.241376089,292.2997161,292.2997161,113.7447593,0.00643372,0.000739482,4.25806E-06,0.00277236,0.241376089,120.0832757,117.7546379,2459945.025
0.006617885,0.000123733,0.001038382,0.670858541,496.6056176,496.6056176,123.5407446,0.001018708,0.002923322,6.45525E-07,0.006007145,0.670858541,129.1466069,129.0701667,2690027.473
0.006310159,0.000165124,0.001304717,0.818166892,364.1414661,364.1414661,131.8172241,0.005731591,0.000454408,3.94937E-06,0.003759871,0.818166892,133.7019231,133.438802,2655502.599
0.006314015,0.000401989,0.001063996,0.526101442,552.8959046,552.8959046,91.39327606,0.001046052,0.003035971,1.92169E-06,0.005865876,0.526101442,99.90580928,99.71703674,2338680.05
0.006611768,0.000200953,0.000967279,0.815853903,201.1265805,201.1265805,80.2823013,0.006608915,0.00020238,3.3575E-05,0.00310495,0.815853903,81.2222003,80.92706873,1570530.369
0.007091567,0.00032414,0.000364293,0.051024198,220.9392982,220.9392982,165.5248889,0.00699769,0.000371079,3.58718E-05,0.002545179,0.051024198,173.696093,164.0571302,1330498.663
0.00717263,0.000488448,0.000118922,0.50106728,659.6527118,659.6527118,213.21412,0.000776207,0.003686659,5.43263E-05,0.005432627,0.50106728,224.5296086,222.0274669,1548484.675
0.007329608,0.000134903,0.000315489,0.002675195,231.6135979,231.6135979,142.9050485,0.00649324,0.000553088,0.000129147,0.002774345,0.002675195,257.1941448,96.16651952,2094571.969
0.006149396,0.000890404,0.000740199,0.1378491,356.3732666,356.3732666,142.6808263,0.003569345,0.00218043,1.85454E-05,0.004181499,0.1378491,161.5891849,154.1197034,2168854.405
0.00612237,0.000836484,0.000821146,0.366748086,455.2022567,455.2022567,172.8065144,0.000912574,0.003441382,1.88988E-05,0.005576965,0.366748086,181.8519244,180.5143553,1799818.554
0.006912505,0.0003124,0.000555095,0.210108949,312.6374833,312.6374833,97.08124251,0.006636239,0.000450533,7.70755E-06,0.00285534,0.210108949,106.3405004,102.8134101,2182622.174
0.006711964,0.000169528,0.000898509,0.481787042,463.7287229,463.7287229,113.7589772,0.000992885,0.003029067,1.0287E-06,0.005926839,0.481787042,121.3858978,121.2253049,2542613.651
0.006208863,0.000521333,0.001049804,0.280452448,585.0926038,585.0926038,125.3643355,0.000912227,0.003169651,2.2743E-05,0.005845199,0.280452448,142.2540197,140.6285353,1643627.986
0.006933222,0.000526618,0.00032016,0.637773871,453.0100145,453.0100145,212.1038363,0.000905534,0.003540462,3.66834E-05,0.00546714,0.637773871,217.7573814,216.1170599,1688328.737
0.007054072,0.000314895,0.000411034,0.528358619,662.1444663,662.1444663,113.2454578,0.001135579,0.003274141,4.81316E-05,0.005491968,0.528358619,123.8181772,122.8198297,1462675.149
0.006452538,0.001097807,0.000229655,0.215279725,261.87711,261.87711,151.8534025,0.006340432,0.00115386,7.49843E-06,0.00244803,0.215279725,154.6598882,153.6220627,2027270.821
0.00640959,0.000722649,0.000647761,0.057662388,399.4005079,399.4005079,115.019414,0.000126901,0.003863993,1.63743E-05,0.005942551,0.057662388,243.2759145,170.1834708,2439342.994
0.006745549,9.90189E-05,0.000935432,0.00304224,329.799362,329.799362,134.5482469,0.000424709,0.003259439,9.81672E-05,0.006167505,0.00304224,730.9592591,221.4675553,1701846.172
0.006390744,0.001004997,0.000384258,0.170173668,491.8811617,491.8811617,28.5289755,0.000747747,0.003826496,3.16123E-06,0.005372415,0.170173668,66.55583541,57.25515908,2395380.571
0.006380071,0.000530608,0.00086932,0.442088408,205.4521769,205.4521769,185.9355207,0.006284907,0.000578191,2.49863E-05,0.003061736,0.442088408,186.0729516,185.2576888,1899498.044
0.007117182,0.000134512,0.000528306,0.554825801,219.3301166,219.3301166,158.9021817,0.007074346,0.00015593,1.08443E-05,0.002708699,0.554825801,159.2199893,158.9302254,2060096.358
0.006839564,0.000208979,0.000731457,0.110507184,351.5200776,351.5200776,61.43776298,0.004873723,0.0011919,4.50478E-06,0.003879693,0.110507184,95.10633397,80.64317426,2674007.889
0.005884607,0.000953181,0.000942213,0.119737055,237.0230505,237.0230505,23.01719136,0.005858825,0.000966072,7.358E-06,0.003117565,0.119737055,35.17523987,33.37262036,2259136.958
0.005901047,0.001037101,0.000841852,0.282769607,273.5727594,273.5727594,177.8608923,0.005643521,0.001165864,9.4286E-06,0.003131006,0.282769607,179.9467816,178.840441,2649515.765
0.005817957,0.000779543,0.0011825,0.079078757,376.1435374,376.1435374,137.3898075,0.000507859,0.003434592,8.46888E-05,0.00592268,0.079078757,206.887596,167.6021807,1418199.821
0.007435027,0.000127691,0.000217283,0.367919912,207.1284275,207.1284275,155.3241247,0.00739471,0.000147849,3.8097E-06,0.002403451,0.367919912,155.686178,155.3612941,2548928.35
0.006472744,0.000377709,0.000929547,0.254094372,548.5628863,548.5628863,151.2960494,0.000908699,0.003159731,6.16213E-05,0.005819768,0.254094372,169.3465229,165.9259524,1366925.489
0.006980771,0.000643161,0.000156068,0.567535039,513.9340937,513.9340937,171.896202,0.001082141,0.003592476,5.72427E-05,0.00521796,0.567535039,179.3371864,177.8556675,1457687.159
0.007398598,0.000178011,0.000203391,0.197787674,275.6210387,275.6210387,203.543503,0.006924509,0.000415056,2.94469E-05,0.002580808,0.197787674,206.6785134,203.9100012,2170098.965
0.006411092,0.000654045,0.000714864,0.58883184,218.5474907,218.5474907,157.7432788,0.006375148,0.000672017,1.93143E-05,0.002883341,0.58883184,158.1104942,157.7579183,1805645.048
0.00678571,0.000470932,0.000523358,0.17412964,394.2463044,394.2463044,44.96154131,0.003990951,0.001868312,3.42568E-05,0.0040563,0.17412964,67.22106387,60.43102654,1736809.415
0.006881111,0.000513898,0.000384991,0.085149096,423.0120922,423.0120922,167.6362072,0.000140055,0.003884426,1.60393E-05,0.005909299,0.085149096,243.0125214,205.4601855,2404051.086
0.006382449,0.000598387,0.000799164,0.826524931,290.2138927,290.2138927,112.5089422,0.006323366,0.000627929,2.25604E-05,0.002975965,0.826524931,113.7342511,113.5070388,1711226.666
0.007229634,0.000154992,0.000395375,0.502420053,630.3204439,630.3204439,152.5871997,0.000893052,0.003323283,5.3819E-06,0.005728103,0.502420053,162.4994174,162.0854576,2142079.117
0.00679169,0.000157573,0.000830737,0.375882968,491.7995882,491.7995882,154.2241642,0.000906011,0.003100413,8.34291E-06,0.005935053,0.375882968,164.0271347,163.3021374,1938118.562
0.006698765,0.000444515,0.000636719,0.099411472,198.5869039,198.5869039,160.3219504,0.006652396,0.0004677,2.33687E-05,0.002806355,0.099411472,162.0669974,158.9345823,1695696.738
0.006803818,0.000604931,0.000371251,0.497474449,645.5574829,645.5574829,32.16849714,0.001035755,0.003488962,2.12008E-06,0.005422982,0.497474449,44.49663883,44.42848081,2459989.941
0.00629258,0.000612818,0.000874603,0.100161401,417.852519,417.852519,66.32473257,0.000537134,0.00349054,6.65682E-06,0.005915489,0.100161401,120.0391114,103.790516,2089666.972
0.006720217,0.000347347,0.000712436,0.21242785,216.44335,216.44335,54.7469891,0.006713011,0.000350949,3.92357E-05,0.002846623,0.21242785,60.59179026,58.51669057,1387119.941
0.006711548,0.00093378,0.000134672,0.124797323,241.0473821,241.0473821,212.0663078,0.006400695,0.001089206,4.16033E-05,0.002418315,0.124797323,214.122753,210.1999231,1654032.034
0.00645578,0.000962052,0.000362168,0.295422715,696.0468987,696.0468987,126.5755304,0.000905452,0.003737216,4.74589E-05,0.005259693,0.295422715,147.5092879,145.0865684,1523507.917
0.007032315,0.000508767,0.000238919,0.311804427,628.6769759,628.6769759,159.2852435,0.000699676,0.003675086,9.06203E-06,0.005565996,0.311804427,176.3159517,174.9671735,2074065.756
0.00608529,0.001059419,0.000635291,0.835881733,500.6049563,500.6049563,158.1344766,0.001191187,0.003506471,3.93648E-05,0.005212797,0.835881733,162.7085744,161.8965423,1570353.383
0.006754212,0.00072188,0.000303908,0.799486106,200.5916871,200.5916871,36.8502958,0.006752018,0.000722977,6.07426E-06,0.002468751,0.799486106,38.07139119,38.05853159,1982164.247
0.006879926,0.000316552,0.000583522,0.711042136,351.3365442,351.3365442,66.55644725,0.006582535,0.000465248,5.96776E-06,0.002896069,0.711042136,69.10600805,69.07228397,2314924.628
0.006037711,0.000913191,0.000829098,0.067032556,423.3758793,423.3758793,78.78453798,0.00017807,0.003843012,5.37333E-06,0.005923365,0.067032556,185.6374502,134.7391155,2628690.523
0.006177397,0.000540746,0.001061857,0.377823364,237.3487888,237.3487888,209.0120266,0.005849113,0.000704888,2.90756E-05,0.003366743,0.377823364,210.2345078,208.3339917,2357457.453
0.006384413,0.00038828,0.001007307,0.357057956,478.0539536,478.0539536,67.38965872,0.001191999,0.002984487,5.36119E-05,0.005719722,0.357057956,78.8162694,77.72779534,1401090.624
0.006605221,0.001023743,0.000151036,0.371643449,353.046298,353.046298,71.42713167,0.006067238,0.001292735,2.3642E-06,0.002587483,0.371643449,76.72324042,76.60653811,2606887.646
0.006499457,0.000224013,0.001056529,0.876558992,416.6010917,416.6010917,159.8907425,0.003575062,0.001686211,4.20733E-06,0.00468434,0.876558992,162.3470384,162.1097723,2658119.073
0.006198847,0.000566528,0.001014625,0.214113267,481.5503355,481.5503355,154.1402933,0.00060806,0.003361922,5.41033E-06,0.005974428,0.214113267,172.5106423,170.3884261,2141459.978
0.006191255,0.000962675,0.00062607,0.097727664,225.0205969,225.0205969,165.555557,0.006062707,0.001026949,7.90835E-06,0.002852256,0.097727664,170.9417823,165.8137801,2631624.326
0.005895973,0.000775461,0.001108566,0.720028196,216.0947614,216.0947614,193.1548133,0.005774956,0.000835969,3.71668E-05,0.003301728,0.720028196,193.5662462,192.7320048,1749489.493
0.006711936,0.000673418,0.000394647,0.040340872,340.3377819,340.3377819,170.4411162,0.000127565,0.003965603,2.96518E-05,0.005827,0.040340872,347.7472494,218.4981143,2551117.832
0.006386701,0.000498034,0.000895266,0.863961084,452.9278369,452.9278369,24.02000353,0.00467147,0.001355649,8.91792E-05,0.003833522,0.863961084,27.71529984,27.49288932,1290779.076
0.006896178,0.000795815,8.80069E-05,0.72148182,473.4089199,473.4089199,140.7479592,0.00113881,0.003674499,1.29028E-05,0.005123608,0.72148182,145.8586805,145.4468908,1966955.644
0.00630199,0.000944747,0.000533263,0.864536702,310.0429327,310.0429327,210.4833709,0.00590371,0.001143887,5.89346E-05,0.002843288,0.864536702,211.8333059,210.7336114,1487001.515
0.006968954,0.000544689,0.000266357,0.689176149,652.337283,652.337283,38.9635957,0.001220775,0.003418779,2.21703E-05,0.005288096,0.689176149,47.74723434,47.29321057,1732667.174
0.006928156,0.000372433,0.000479411,0.547412785,607.9744775,607.9744775,134.7108622,0.001113343,0.00327984,3.87854E-05,0.005517852,0.547412785,143.739312,142.7595355,1527525.527
0.006839463,0.000630996,0.000309541,0.890137542,413.5684008,413.5684008,212.5365581,0.003244445,0.002428505,3.35395E-05,0.00424333,0.890137542,215.7124199,214.3593672,2118728.32
0.006723413,0.000361168,0.000695419,0.506304862,687.7019072,687.7019072,61.25684134,0.001036545,0.003204602,3.48709E-06,0.005705185,0.506304862,73.45400299,73.04529157,2214306.041
0.006469846,0.000542984,0.00076717,0.446304289,481.7664563,481.7664563,128.6623561,0.00108234,0.003236737,1.64139E-05,0.005614329,0.446304289,136.9801558,136.2797352,1778935.083
0.006677109,0.000688676,0.000414215,0.227744628,306.4059832,306.4059832,46.21598446,0.006558064,0.000748198,2.93922E-05,0.002614166,0.227744628,55.18381368,52.63418307,1361653.198
0.006877625,0.00074796,0.000154415,0.176373129,600.2511257,600.2511257,174.8742379,0.000634322,0.003869611,9.99685E-05,0.005345918,0.176373129,210.7575066,199.3039077,1345256.998
0.007027912,0.000597092,0.000154996,0.443466148,416.9998239,416.9998239,85.08921903,0.005237722,0.001492187,5.87208E-05,0.00316119,0.443466148,90.80614248,90.20326605,1362482.264
0.006587707,0.001050745,0.000141548,0.63979874,314.3342764,314.3342764,58.71696906,0.006504058,0.00109257,1.17287E-05,0.002341464,0.63979874,61.23295713,61.03556693,1386731.173
0.007167126,0.000442675,0.000170199,0.888856941,674.1231412,674.1231412,222.7947319,0.000943678,0.003554399,0.000104275,0.005347468,0.888856941,230.0287154,227.5555009,1303629.58
0.007179875,0.00050654,9.35856E-05,0.301164343,259.601677,259.601677,167.4482925,0.007032336,0.000580309,5.20801E-06,0.002331967,0.301164343,168.9949279,168.346312,2653890.644
0.005941105,0.000662923,0.001175972,0.1981565,448.2573262,448.2573262,190.7857004,0.000371028,0.003447962,6.70919E-06,0.006124121,0.1981565,208.879185,205.5924322,2320779.751
0.006571783,0.000171371,0.001036847,0.310758888,682.5318202,682.5318202,161.3240196,0.000574106,0.003170209,2.87861E-06,0.006202627,0.310758888,178.8439406,178.1120982,2345905.413
0.006606835,0.000315308,0.000857856,0.082454721,517.4935168,517.4935168,162.6027628,0.000336086,0.003450683,0.000121923,0.006041128,0.082454721,257.3966429,205.6200105,1327020.362
0.007352067,0.000275815,0.000152118,0.568444645,500.3322117,500.3322117,129.8116762,0.001182173,0.003360762,5.31548E-05,0.00535373,0.568444645,137.2745946,136.2013462,1451574.055
0.00728542,0.000234331,0.000260249,0.340375607,426.3716897,426.3716897,59.06438823,0.003280342,0.00223687,4.02168E-05,0.004392391,0.340375607,69.50020566,68.1656194,1655521.679
0.006486025,0.000961362,0.000332613,0.798627772,481.5181558,481.5181558,121.9802989,0.001109947,0.003649401,2.27153E-06,0.0051882,0.798627772,126.6944513,126.5608941,2544331.279
0.006620146,0.000113662,0.001046192,0.383880438,651.6197459,651.6197459,135.7408214,0.00069579,0.00307584,8.36118E-07,0.006177354,0.383880438,149.4497417,149.214468,2655236.064
0.005907085,0.000872703,0.001000212,0.801697698,378.7223446,378.7223446,191.329774,0.004430194,0.001611148,1.20564E-05,0.003896421,0.801697698,193.3962396,192.7280983,2683760.18
0.006252917,0.000537475,0.000989608,0.201814369,303.520034,303.520034,61.96337133,0.006104885,0.000611491,2.23199E-05,0.003211124,0.201814369,74.455648,68.82795283,1776559.441
0.00713733,0.000197208,0.000445463,0.717238636,402.8476843,402.8476843,129.1643055,0.005913533,0.000809106,2.85562E-05,0.003198625,0.717238636,131.8150228,131.4695397,1696688.392
0.006751408,0.000624391,0.000404201,0.772454537,326.3840727,326.3840727,187.0957483,0.00641289,0.00079365,3.45968E-05,0.002708683,0.772454537,188.3144648,187.7462733,1544400.975
0.006671214,0.000800231,0.000308555,0.384392361,413.5785804,413.5785804,93.45335735,0.00312711,0.002572283,7.57655E-06,0.00424285,0.384392361,101.7168905,100.7210225,2332818.306
0.006561416,0.000201776,0.001016809,0.529977823,506.8826739,506.8826739,133.3031289,0.000993112,0.002985928,2.21459E-06,0.005968566,0.529977823,140.3966165,140.2014076,2299052.073
0.00614271,0.000934471,0.000702819,0.082538623,459.5170393,459.5170393,168.4020174,0.000303816,0.003853918,8.16101E-05,0.005710476,0.082538623,253.2481898,205.0574628,1547025.601
0.006829907,0.000698937,0.000251156,0.225532102,383.4255016,383.4255016,61.88968267,0.005271839,0.001477971,1.88043E-05,0.003181206,0.225532102,77.60846877,72.02457703,1897412.332
0.006777835,0.000514211,0.000487954,0.534398329,632.3095505,632.3095505,153.1611145,0.001104647,0.003350805,7.25917E-05,0.005421776,0.534398329,162.9918903,161.3800773,1348304.791
0.006676685,0.000980609,0.000122705,0.468526225,340.0278548,340.0278548,20.01841296,0.0064428,0.001097552,3.14291E-06,0.002406325,0.468526225,24.40005663,24.38426571,2209698.983
0.006460184,0.000415733,0.000904084,0.82264949,390.865155,390.865155,126.1506584,0.005456355,0.000917647,6.95132E-06,0.003568867,0.82264949,128.3876746,128.1533885,2386259.689
0.00581149,0.001008424,0.000960085,0.596966838,450.8889923,450.8889923,137.8691314,0.001052576,0.003387881,2.13673E-06,0.005507225,0.596966838,143.2030025,143.0167801,2501781.308
0.006236038,0.00046317,0.001080792,0.449692297,218.3806044,218.3806044,21.45554138,0.00623036,0.000466009,6.26165E-06,0.003247189,0.449692297,23.94493394,23.92985143,2393623.113
0.005683427,0.001135731,0.000960842,0.571326032,304.8472825,304.8472825,204.6079269,0.005251939,0.001351475,3.79723E-05,0.003308434,0.571326032,206.3094421,205.0274351,1893293.336
0.006914357,0.000332914,0.000532729,0.077733576,247.2778557,247.2778557,192.3460974,0.006605268,0.000487459,3.81884E-05,0.002818904,0.077733576,199.4668794,191.2904245,1771673.54
0.006112944,0.001184311,0.000482745,0.036736068,237.2278183,237.2278183,180.3429753,0.00589106,0.001295253,5.71476E-05,0.00270636,0.036736068,197.5930063,177.5410255,1355658.69
0.006999917,0.000640565,0.000139518,0.676409881,640.8904823,640.8904823,183.0258564,0.000816336,0.003732356,5.34029E-06,0.005395787,0.676409881,190.4161487,189.9891527,2438954.158
0.006334748,0.000602007,0.000843244,0.291387808,203.8784295,203.8784295,97.2852787,0.006328434,0.000605165,4.05287E-05,0.002975693,0.291387808,99.26157936,98.5876386,1435380.365
0.006483391,0.001111429,0.00018518,0.05985092,614.7578459,614.7578459,51.5057326,0.000409053,0.004148598,0.000181737,0.005210433,0.05985092,253.0040306,135.0228006,1280977.787
0.00671635,0.000974038,8.96123E-05,0.830931982,445.5560297,445.5560297,92.86504367,0.004018745,0.00232284,3.49395E-05,0.003573295,0.830931982,96.51947791,96.16489894,1673181.653
0.007020196,0.000400026,0.000359778,0.048933951,244.8453849,244.8453849,153.4385054,0.006755605,0.000532322,1.07732E-05,0.00265112,0.048933951,175.6612372,156.9249557,2610286.576
0.006471088,0.000148005,0.001160907,0.061157647,436.9772851,436.9772851,212.7711161,9.94683E-05,0.003333815,2.32936E-05,0.006493243,0.061157647,326.8057127,258.2730313,2234045.89
0.006756396,0.000137285,0.000886318,0.516185217,492.5652773,492.5652773,39.30345614,0.001212556,0.002909205,1.12715E-05,0.005816787,0.516185217,48.31389653,47.53833376,1833642.312
0.006479261,0.000857527,0.000443212,0.395284325,232.8602279,232.8602279,172.8161821,0.006385641,0.000904337,7.96354E-06,0.002651878,0.395284325,173.3895215,172.8861341,2490143.631
0.006313715,0.000502134,0.000964151,0.024641599,685.7442574,685.7442574,31.43205311,0.000254526,0.003531729,4.70386E-05,0.006116527,0.024641599,594.7773057,223.8230672,2229000.888
0.006397041,0.000524248,0.000858711,0.044738876,519.889574,519.889574,176.6182294,0.000162582,0.003641477,4.18441E-05,0.006103916,0.044738876,395.2881892,252.0551483,2138006.519
0.006516262,0.000589729,0.000674009,0.214705185,422.0273845,422.0273845,115.8727731,0.000882848,0.003406436,1.21251E-05,0.005648411,0.214705185,133.1654345,130.8556625,1905548.36
0.006098913,0.001098631,0.000582455,0.114579902,627.3666363,627.3666363,29.30917012,0.000367839,0.003964169,2.37606E-06,0.005615436,0.114579902,105.6979495,84.08985657,2637168.005
0.006395208,0.000437749,0.000947042,0.56729963,320.8928268,320.8928268,194.173803,0.005828257,0.000721225,1.78709E-05,0.003382467,0.56729963,195.9077701,194.9813733,2442787.074
0.006046366,0.000746183,0.000987452,0.428777989,607.0711009,607.0711009,54.07058663,0.00121278,0.003162975,7.97866E-05,0.005494278,0.428777989,66.19126725,65.2260433,1301945.803
0.007424265,0.000238292,0.000117443,0.099006375,354.6274056,354.6274056,43.80304354,0.006266668,0.00081709,3.70943E-05,0.002828967,0.099006375,77.27910564,62.48549857,1482524.366
0.006944621,0.000548535,0.000286843,0.391894176,666.9132709,666.9132709,76.17236628,0.000989858,0.003525917,1.02024E-05,0.005423842,0.391894176,91.56961795,90.91821809,1966824.279
0.006972059,0.000226777,0.000581164,0.811691637,311.3451162,311.3451162,85.03080354,0.006870726,0.000277443,8.05351E-06,0.002793597,0.811691637,86.78507844,86.69462059,2106181.716
0.006804184,0.000318746,0.00065707,0.50925496,674.9761842,674.9761842,145.3696386,0.001011001,0.003215337,2.06825E-05,0.005702799,0.50925496,155.8341753,155.0291821,1699146.977
0.006923507,0.000473437,0.000383056,0.657581948,447.370732,447.370732,160.1339883,0.00114518,0.0033626,1.43079E-05,0.005427732,0.657581948,165.13539,164.5743487,1904795.553
0.006893412,0.000355604,0.000530985,0.882864252,474.7857282,474.7857282,224.2938008,0.000830309,0.003387155,2.74136E-05,0.005704942,0.882864252,228.6589446,227.2395404,1847017.008
0.007026805,0.00028569,0.000467505,0.529392099,693.6452271,693.6452271,225.4559866,0.000714881,0.003441652,6.53028E-05,0.005727984,0.529392099,236.9555491,233.8559894,1476748.842
0.006751545,0.000793555,0.0002349,0.452850266,580.0518094,580.0518094,176.6963923,0.000682961,0.003827847,3.6106E-06,0.005435401,0.452850266,186.8053217,186.2764652,2626178.293
0.006061738,0.000789757,0.000928505,0.478439012,346.8889796,346.8889796,76.89607962,0.005779496,0.000930878,2.16507E-05,0.003217795,0.478439012,81.07066059,80.23470222,1795052.325
0.006943536,0.000329149,0.000507315,0.54566243,216.3650387,216.3650387,217.3377431,0.006579759,0.000511038,3.67022E-05,0.002822321,0.54566243,218.466876,216.5443402,2461202.568
0.006139701,0.000846064,0.000794235,0.687887734,209.3276338,209.3276338,105.0323891,0.006134379,0.000848725,4.74544E-05,0.002919262,0.687887734,105.8482302,105.5466286,1343151.473
0.006560552,0.001071572,0.000147876,0.540565572,601.4514245,601.4514245,64.80852633,0.001126446,0.003788625,1.61338E-05,0.005018615,0.540565572,74.87908596,74.40532556,1884140.019
0.006734164,0.000576275,0.000469561,0.650330018,397.0073716,397.0073716,150.1355568,0.005659751,0.001113482,5.47217E-05,0.003121865,0.650330018,152.855516,152.3057816,1388279.704
0.006532248,0.001093348,0.000154404,0.391699099,382.7732161,382.7732161,23.07566024,0.005831992,0.001443476,1.50971E-05,0.002659255,0.391699099,29.46293939,29.33456046,1729832.664
0.006604999,0.000731891,0.00044311,0.581875702,453.6445315,453.6445315,28.95656077,0.001269429,0.003399676,1.69891E-06,0.005279016,0.581875702,36.30595352,36.28232739,2619899.169
0.006424906,0.000299865,0.001055229,0.159034133,641.8459731,641.8459731,57.28722241,0.000486482,0.003269077,1.20963E-06,0.006193051,0.159034133,100.1647866,95.32115309,2489432.603
0.005854982,0.000964201,0.000960818,0.788829728,393.8695267,393.8695267,61.46620464,0.005316469,0.001233457,4.22109E-05,0.003357683,0.788829728,64.51394538,64.09114953,1532747.332
0.006373727,0.001113941,0.000292332,0.226528583,495.088337,495.088337,168.7991119,0.000617398,0.003992105,1.3647E-05,0.005326669,0.226528583,187.8891722,184.50101,2038758.799
0.006739488,0.000403528,0.000636984,0.320842176,235.1998138,235.1998138,111.607155,0.00671767,0.000414437,1.91315E-05,0.002798581,0.320842176,113.6284206,113.099655,1701273.537
0.006957195,0.000428669,0.000394136,0.273018168,358.2004517,358.2004517,194.8901504,0.004337506,0.001738513,2.07397E-05,0.003853061,0.273018168,201.8051281,199.1503709,2554457.929
0.006070834,0.000826097,0.00088307,0.870983996,260.7193376,260.7193376,100.6280826,0.006050942,0.000836043,4.5802E-05,0.003017033,0.870983996,101.7096692,101.4352235,1400292.656
0.006917272,0.000678796,0.000183932,0.173070483,311.7390702,311.7390702,193.2476723,0.005983973,0.001145445,2.38289E-05,0.002796573,0.173070483,200.0991833,196.1126369,2390586.225
0.006607607,0.000147208,0.001025185,0.088087002,380.1255458,380.1255458,174.8103984,0.000324835,0.003288594,6.30905E-05,0.006273301,0.088087002,237.4026953,202.2324559,1529953.865
0.006533206,0.00096695,0.000279844,0.624413999,324.7130021,324.7130021,140.7716571,0.006273109,0.001096999,5.20122E-06,0.002574511,0.624413999,142.498076,142.3106706,2298032.531
0.006345509,0.0005541,0.000880391,0.086431071,296.8056427,296.8056427,53.21464865,0.006126512,0.000663598,3.15751E-05,0.003128135,0.086431071,81.78043542,67.56789481,1612454.497
0.007113375,0.000357722,0.000308903,0.179455746,510.0528666,510.0528666,129.3905924,0.000761617,0.003533601,3.67054E-05,0.005617897,0.179455746,157.2086433,151.5734256,1575961.648
0.00705192,0.000431346,0.000296734,0.546353402,594.7049408,594.7049408,115.7034766,0.00113258,0.003391016,3.32364E-05,0.005392987,0.546353402,124.80611,124.0214636,1590888.668
0.006889694,0.000537631,0.000352675,0.638742763,293.1921536,293.1921536,98.50864483,0.006797589,0.000583683,2.02333E-06,0.002566524,0.638742763,100.4299498,100.3896548,2661601.225
0.005966666,0.000820525,0.000992808,0.801475857,643.940658,643.940658,39.28462277,0.00124819,0.003179763,1.43282E-05,0.005507538,0.801475857,46.57743263,45.99286168,1827840.415
0.007171631,0.000118909,0.000489459,0.542381342,567.1618301,567.1618301,73.60423584,0.001091467,0.003158992,3.85283E-06,0.005695509,0.542381342,82.80081601,82.5256677,2183175.156
0.006372514,0.000746478,0.000661008,0.776209428,460.4067616,460.4067616,89.46780956,0.003144909,0.00236028,8.38681E-05,0.004360762,0.776209428,93.8079421,93.15936269,1351789.658
0.006746446,0.000918733,0.000114821,0.608364722,681.5322489,681.5322489,97.59196129,0.001139741,0.003722086,3.58396E-05,0.005052154,0.608364722,107.3446446,106.6869091,1612502.712
0.007038992,0.000400642,0.000340366,0.706500805,474.9404168,474.9404168,50.25380966,0.001190744,0.003324766,1.79998E-06,0.00543251,0.706500805,56.47024268,56.43040288,2520341.275
0.005870135,0.00083062,0.001079245,0.48298799,297.8718485,297.8718485,85.52384973,0.005786886,0.000872245,1.61609E-05,0.003274528,0.48298799,88.8013227,87.97048474,1936237.874
0.006749329,0.000374444,0.000656227,0.004012648,624.3092763,624.3092763,78.17147526,0.000814112,0.003342052,0.000220005,0.00557365,0.004012648,991.3480803,288.2071641,1267058.658
0.006997121,0.000706931,7.59477E-05,0.178758035,626.4696521,626.4696521,189.6425717,0.0003572,0.004026892,2.8354E-05,0.005537374,0.178758035,226.3113502,216.3428152,1936955.918
0.006971369,0.000173529,0.000635102,0.394857831,346.6341194,346.6341194,90.76124577,0.006513781,0.000402323,4.86107E-06,0.003028855,0.394857831,95.12417901,94.87539009,2447521.997
0.005978436,0.000967249,0.000834314,0.502466545,353.6119479,353.6119479,200.3736438,0.004716862,0.001598037,1.9974E-05,0.003614948,0.502466545,203.2590452,201.9944396,2511088.945
0.006257738,0.000638431,0.000883831,0.346622694,615.256836,615.256836,75.44189966,0.001043002,0.003245799,1.96637E-05,0.005641355,0.346622694,90.65284929,89.78501132,1711594.306
0.006767378,0.000556866,0.000455756,0.582176292,438.041721,438.041721,180.398061,0.001297351,0.00329188,3.92631E-05,0.005321326,0.582176292,186.048084,184.7510383,1617771.624
0.007297182,0.00012028,0.000362537,0.527110843,213.3202669,213.3202669,146.0148805,0.007267389,0.000135177,4.15654E-06,0.002543097,0.527110843,146.4659629,146.2562066,2456050.131
0.005833929,0.000986838,0.000959233,0.689700259,583.6393682,583.6393682,23.71685448,0.001241495,0.003283055,1.17974E-05,0.005413472,0.689700259,31.15053854,31.0624668,1906733.63
0.006293831,0.000847122,0.000639047,0.157179497,404.4529168,404.4529168,165.1076429,0.000534811,0.003726632,1.46513E-05,0.005673725,0.157179497,190.0117602,182.6833123,1999122.46
0.006348559,0.00087855,0.000552891,0.452808174,329.6305595,329.6305595,23.25836469,0.006209865,0.000947897,2.49568E-05,0.002767101,0.452808174,27.53419166,27.44950097,1550415.585
0.006677852,0.000762216,0.000339931,0.344413616,356.939086,356.939086,161.4632925,0.00593409,0.001134097,3.71372E-05,0.002844495,0.344413616,165.2158717,164.3728102,1494137.29
0.007397286,0.000100455,0.000282258,0.879478663,373.9893755,373.9893755,201.5939534,0.005903633,0.000847282,2.12849E-05,0.00317762,0.879478663,203.6253349,202.685506,2559871.136
0.005740455,0.001026127,0.001013418,0.842475893,592.1941292,592.1941292,109.3190851,0.001074737,0.003358986,1.03619E-06,0.005515061,0.842475893,114.7942409,114.7089516,2684622.529
0.006057428,0.000537091,0.001185482,0.803464328,206.5823006,206.5823006,150.593282,0.006034012,0.000548799,2.27075E-05,0.003344302,0.803464328,150.9009763,150.5574495,1835488.752
0.006498967,0.000813786,0.000467247,0.399182252,557.4513611,557.4513611,141.2225276,0.000815845,0.003655347,2.73667E-06,0.005475891,0.399182252,152.4800235,152.0348384,2449964.066
0.006700965,0.000214247,0.000864789,0.676376417,631.9190742,631.9190742,67.04001518,0.001060517,0.003034471,7.0662E-07,0.005854126,0.676376417,75.23022452,75.124098,2631472.108
0.005632369,0.000995855,0.001151776,0.818463741,332.6155391,332.6155391,182.3058206,0.005163119,0.00123048,1.09832E-05,0.003545237,0.818463741,183.5922773,183.1060998,2542969.172
0.006008105,0.000893122,0.000878774,0.335992314,521.8431223,521.8431223,79.49756784,0.000919684,0.003437332,1.77844E-06,0.005591025,0.335992314,93.32692118,92.64142265,2471343.742
0.006162746,0.000779682,0.000837572,0.104670398,305.1121788,305.1121788,211.2070934,0.003896796,0.001912657,8.41389E-05,0.004056228,0.104670398,237.3867013,215.5965056,2244803.288
0.006335698,0.00075583,0.000688472,0.472613661,504.0465102,504.0465102,81.73958231,0.001200239,0.003323559,4.03594E-05,0.005385662,0.472613661,90.72790476,89.94690258,1529595.615
0.007062751,0.000474903,0.000242346,0.307019212,225.1631214,225.1631214,130.9343141,0.007039718,0.00048642,1.08198E-05,0.002412862,0.307019212,132.1542054,131.8179315,1618232.188
0.00645169,0.000949101,0.000379209,0.76446405,679.8954965,679.8954965,89.01498189,0.001157094,0.003596399,1.42325E-05,0.005182094,0.76446405,96.57386942,96.25757118,1898898.315
0.00655466,0.000683007,0.000542333,0.167616529,497.9346779,497.9346779,69.08425607,0.000972176,0.003474249,8.17666E-05,0.005421628,0.167616529,99.37299474,93.52399905,1319009.733
0.007000703,0.000679391,9.99062E-05,0.1878784,382.5447417,382.5447417,132.782734,0.004167107,0.002096189,4.61294E-05,0.003640395,0.1878784,146.6892828,142.7412587,1660653.359
0.006953635,0.000454843,0.000371522,0.477392527,202.4405844,202.4405844,42.27477115,0.006949409,0.000456956,1.96881E-06,0.002541486,0.477392527,44.14981314,44.14045622,2666123.767
0.006177537,0.000680241,0.000922223,0.075865851,624.2084493,624.2084493,48.37057702,0.000345297,0.003596361,3.48028E-05,0.00597336,0.075865851,177.9572635,121.4965047,1722756.695
0.007152746,0.000236377,0.000390876,0.216700214,494.6570245,494.6570245,39.53232395,0.000896889,0.003364306,5.58954E-06,0.005683035,0.216700214,64.39862569,61.43700994,2092976.394
0.00706456,7.2873E-05,0.000642567,0.571101023,619.2486066,619.2486066,84.30627624,0.001074677,0.003067814,3.87159E-06,0.005803457,0.571101023,93.46356144,93.24120136,2149857.629
0.006194672,0.000762763,0.000822565,0.099977187,444.2042859,444.2042859,188.0938364,0.000118649,0.003800774,1.18875E-05,0.006018509,0.099977187,244.5012688,219.6742815,2553383.915
0.006135965,0.000638559,0.001005476,0.546614136,190.8845272,190.8845272,126.2294071,0.006127464,0.000642809,1.94145E-05,0.003160132,0.546614136,126.7368668,126.4038052,1844467.606
0.006529039,0.000714325,0.000536635,0.800782935,655.5773205,655.5773205,199.2306477,0.000823768,0.003566961,9.12829E-06,0.005549962,0.800782935,205.4062484,204.7849701,2261146.204
0.006033788,0.000874116,0.000872096,0.441622197,396.3094458,396.3094458,222.8137787,0.002539433,0.002621293,8.81099E-05,0.004700983,0.441622197,229.5148436,225.8422106,1570755.6
0.006268819,0.001184114,0.000327067,0.282163818,560.3565314,560.3565314,87.56809893,0.001056585,0.003790231,7.44996E-05,0.005028504,0.282163818,105.6558433,103.3867865,1371873.577
0.006644233,0.001003138,0.000132629,0.685928726,263.9136922,263.9136922,65.42775042,0.00661804,0.001016235,2.15378E-06,0.002313391,0.685928726,67.24629904,67.22791862,2164264.849
0.006114277,0.000973066,0.000692657,0.859074184,602.6189711,602.6189711,127.1945808,0.001103855,0.003478277,4.38694E-06,0.005363301,0.859074184,132.5702808,132.3948867,2255858.217
0.006460107,0.000621355,0.000698538,0.581298943,650.7472912,650.7472912,93.01926029,0.001143386,0.003279716,2.15673E-05,0.005505151,0.581298943,102.2698142,101.7581394,1705629.093
0.006527445,0.000914884,0.00033767,0.436792749,583.6006552,583.6006552,197.7828473,0.00069582,0.003830697,1.38459E-05,0.005409457,0.436792749,208.1705002,206.9079031,2089528.811
0.006816021,0.000218423,0.000745556,0.394369301,572.9827996,572.9827996,73.7852724,0.001090672,0.003081097,1.6572E-05,0.005761478,0.394369301,86.25450453,85.62435531,1733845.291
0.006836435,0.000486279,0.000457285,0.16775199,393.500737,393.500737,194.5236953,0.000300588,0.003754203,9.0111E-06,0.005886018,0.16775199,217.1599006,210.5696536,2424702.047
0.006591607,0.000129954,0.001058439,0.398826434,544.8195509,544.8195509,140.5525015,0.000970505,0.002940505,1.11065E-05,0.006027704,0.398826434,150.7906359,150.0957607,1802758.071
0.006617057,0.000677505,0.000485438,0.439312939,475.2350779,475.2350779,168.8090346,0.000853955,0.003559056,5.38719E-06,0.005531422,0.439312939,176.8170968,176.2515944,2270085.918
0.00606185,0.00087999,0.00083816,0.775019703,485.0655395,485.0655395,91.05789324,0.001208798,0.003306516,5.07794E-06,0.005429428,0.775019703,96.01658544,95.8283012,2180394.712
0.006706799,0.000283179,0.000790022,0.644813122,362.7564456,362.7564456,21.91830996,0.006324148,0.000474505,3.7134E-06,0.003147454,0.644813122,25.21471282,25.20637137,2644266.611
0.006180816,0.00051893,0.001080254,0.558303204,546.0089521,546.0089521,59.80755392,0.001232124,0.002993276,2.96561E-05,0.005694763,0.558303204,67.94578319,67.4454114,1572282.086
0.007206928,0.000219978,0.000353094,0.080805373,268.8904763,268.8904763,124.9531629,0.00699557,0.000325657,8.83987E-06,0.002619753,0.080805373,142.2469398,131.8165411,2126242.596
0.006496698,0.000460413,0.000822889,0.100594206,187.622106,187.622106,25.01442431,0.006493534,0.000461995,4.21687E-05,0.002952122,0.100594206,44.14236727,33.52614641,1406807.01
0.006645755,0.000959455,0.00017479,0.5180346,473.4704346,473.4704346,133.7760717,0.001058031,0.003753317,9.96078E-06,0.005128511,0.5180346,140.9996608,140.5156856,2052821.98
0.00647712,0.000647474,0.000655407,0.415497101,465.5569037,465.5569037,77.12868138,0.001037641,0.003367213,1.81849E-06,0.005543147,0.415497101,87.19841956,86.69768851,2479063.979
0.005944801,0.00087737,0.000957829,0.490908948,467.7721585,467.7721585,164.0174941,0.001137333,0.003281104,7.52986E-05,0.005456084,0.490908948,171.4550721,169.5902755,1342106.615
0.006902179,0.000758152,0.000119669,0.034220652,541.063748,541.063748,202.3078297,0.000341689,0.004038398,0.000103185,0.005466549,0.034220652,501.6157854,282.0669967,1739169.865
0.006327811,0.001025914,0.000426275,0.52136177,659.8719869,659.8719869,25.10534805,0.001078098,0.00365077,4.29543E-06,0.005216656,0.52136177,37.03433571,36.95097981,2286989.953
0.006742626,0.000150134,0.00088724,0.566083797,668.3972575,668.3972575,90.57855626,0.000979784,0.003031555,1.0631E-06,0.005937418,0.566083797,100.4908323,100.3442422,2499123.235
0.006615767,0.000244116,0.000920117,0.433739822,647.514298,647.514298,107.1677644,0.000980481,0.003061759,6.19599E-06,0.005901383,0.433739822,119.2229814,118.8213631,1993332.414
0.006723674,0.000486029,0.000570296,0.14448268,494.9442061,494.9442061,36.55030817,0.000546569,0.003574582,1.02795E-06,0.00582764,0.14448268,81.12365756,71.49704078,2686482.878
0.006059408,0.000743461,0.000977131,0.678943448,659.2169761,659.2169761,36.41433543,0.001204636,0.003170847,1.1001E-05,0.005563336,0.678943448,45.12614533,44.6915503,1893585.922
0.006383012,0.000919956,0.000477032,0.714148423,246.4925918,246.4925918,34.97102715,0.006373022,0.000924951,1.61816E-05,0.002635665,0.714148423,36.79520411,36.75934322,1666228.034
0.007258893,0.000116256,0.000404851,0.262239417,360.658769,360.658769,206.2355371,0.004617935,0.001436735,5.23964E-05,0.003842753,0.262239417,213.9297891,210.0782186,1948915.938
0.006935812,0.000234185,0.000610003,0.456852396,205.5825262,205.5825262,220.5014216,0.006640721,0.00038173,7.20599E-05,0.002855309,0.456852396,221.391944,219.3129474,1506977.023
0.006980185,0.000544554,0.000255261,0.214200817,461.4186238,461.4186238,100.9418444,0.000973919,0.003547687,4.6462E-05,0.005381752,0.214200817,121.4583757,118.1243582,1508732.519
0.006458205,0.001036287,0.000285509,0.173424234,562.8366886,562.8366886,84.86507894,0.000795047,0.003867865,3.22209E-05,0.005254687,0.173424234,118.7168332,112.4018311,1661553.572
0.006653545,0.00071739,0.000409065,0.727829293,279.2734764,279.2734764,134.452914,0.00657621,0.000756057,4.63716E-06,0.002612915,0.727829293,135.5251417,135.3732404,2351241.676
0.006165766,0.000805829,0.000808404,0.06001529,404.2357974,404.2357974,183.8351417,0.000132688,0.003822369,3.47043E-05,0.005960059,0.06001529,300.1431903,225.9724701,2141028.489
0.006689279,0.000285423,0.000805298,0.176284258,236.9156581,236.9156581,185.1312681,0.006477451,0.000391337,1.2517E-05,0.003068515,0.176284258,187.0480565,184.8121519,2645281.402
0.006134148,0.000687101,0.000958751,0.877303936,341.492999,341.492999,198.5650291,0.0054521,0.001028125,2.06835E-05,0.003448911,0.877303936,200.0654718,199.2356194,2372874.369
0.006099938,0.000755379,0.000924683,0.517585644,584.7125321,584.7125321,185.058482,0.000824123,0.003393287,8.79242E-06,0.005723617,0.517585644,193.1826121,192.4782215,2093048.96
0.006811968,0.000104865,0.000863166,0.524896405,460.6998125,460.6998125,21.31896046,0.001310661,0.002855519,8.96983E-06,0.00577467,0.524896405,29.30887168,29.22728065,1924891.862
0.00629149,0.000906135,0.000582375,0.855019985,579.0764308,579.0764308,210.281597,0.000939693,0.003582033,3.50261E-05,0.005393067,0.855019985,215.6133178,214.3355669,1689124.759
0.006327329,0.001086363,0.000366308,0.090044285,512.7112593,512.7112593,23.71548961,0.000403677,0.004048189,5.79799E-06,0.005492156,0.090044285,114.015045,80.17583657,2343325.439
0.006797008,0.000191724,0.000791268,0.790861644,642.3556053,642.3556053,26.08479886,0.001308655,0.0029359,5.02977E-05,0.005654967,0.790861644,33.25709172,32.86352266,1423277.288
0.007122586,0.000475094,0.00018232,0.80230664,217.8020976,217.8020976,167.1638289,0.007082376,0.000495199,1.59291E-05,0.002356316,0.80230664,167.2888103,167.0844705,1430998.924
0.007288704,0.000292629,0.000198668,0.192640957,276.4934883,276.4934883,131.3709745,0.007136928,0.000368517,3.97146E-06,0.002440404,0.192640957,136.6664021,134.7461654,2319198.614
0.006189909,0.000784811,0.00080528,0.150265579,399.1792481,399.1792481,128.5111479,0.000748363,0.003505584,2.11562E-05,0.005674717,0.150265579,154.5721613,147.5754732,1785004.314
0.007009423,0.000284461,0.000486115,0.581516481,564.1438389,564.1438389,123.8883296,0.001048297,0.003265024,5.53852E-06,0.00563096,0.581516481,131.6048505,131.3207272,2105194.475
0.006230377,0.000958833,0.000590789,0.162317391,642.2569442,642.2569442,33.58435626,0.000791979,0.003678032,2.55369E-05,0.005454271,0.162317391,77.02585734,69.79997864,1705561.585
0.007213623,0.000109183,0.000457194,0.104903834,200.0351864,200.0351864,67.58390302,0.007202106,0.000114941,4.59581E-06,0.002628177,0.104903834,79.27833071,74.26128164,2292549.714
0.006766104,0.000125813,0.000888083,0.328806989,257.0071445,257.0071445,44.20979015,0.006742052,0.000137839,1.92038E-05,0.003050725,0.328806989,48.0272337,47.88457192,1797497.723
0.006273658,0.001008809,0.000497533,0.362143549,403.1345906,403.1345906,224.7341441,0.000495998,0.003897638,1.74374E-05,0.005538746,0.362143549,233.1721172,230.7641086,2296357.434
0.006175195,0.000868293,0.000736511,0.080838001,576.7790588,576.7790588,34.58633618,0.000213949,0.003848917,3.32804E-06,0.005883626,0.080838001,149.6629516,105.0202994,2684797.164
0.006096324,0.000629915,0.001053761,0.61539443,454.3129657,454.3129657,32.41589323,0.003479285,0.001938435,7.12642E-05,0.004460836,0.61539443,38.65442262,37.56581785,1407812.059
0.006649101,0.000952006,0.000178893,0.492209353,571.6354931,571.6354931,156.8472235,0.00094827,0.003802422,1.40407E-05,0.005185087,0.492209353,166.0532403,165.3242048,1944530.727
0.006627606,0.000602346,0.000550047,0.88736303,273.4472061,273.4472061,91.16834962,0.006600346,0.000615976,3.06766E-05,0.002702821,0.88736303,92.32567332,92.15186303,1417831.667
0.006723378,0.000844375,0.000212248,0.191482489,529.940773,529.940773,46.58298608,0.000751261,0.003830433,4.12406E-06,0.005364002,0.191482489,78.12456076,73.25934018,2307101.121
0.006423626,0.000335854,0.00102052,0.827092289,502.3628988,502.3628988,151.7915121,0.001027257,0.003034039,1.45545E-06,0.005887069,0.827092289,156.0431863,155.9249013,2571432.069
0.006233242,0.000570596,0.000976162,0.598648841,190.3415056,190.3415056,174.411078,0.006188538,0.000592948,5.45201E-05,0.003113814,0.598648841,174.5763515,173.8782476,1404383.177
0.007454295,0.000142219,0.000183486,0.669133016,564.3650173,564.3650173,186.5695405,0.0009158,0.003411467,1.1096E-05,0.005611457,0.669133016,193.007851,192.3683728,2018496.16
0.006976603,0.000142512,0.000660885,0.340617886,692.6350938,692.6350938,75.64826217,0.000908451,0.003176588,5.13394E-06,0.005859647,0.340617886,93.80280574,93.18358949,2065810.407
0.006775219,0.000396406,0.000608375,0.427296749,252.2224922,252.2224922,109.7687173,0.006738952,0.00041454,6.14028E-06,0.002790188,0.427296749,112.0920683,111.4169558,2251647.86
0.006328882,0.000698582,0.000752536,0.095644485,370.7472077,370.7472077,103.1136719,0.000896904,0.003414571,4.4425E-05,0.00559392,0.095644485,155.4835256,130.9870772,1706455.666
0.006388396,0.001004639,0.000386965,0.795406876,284.2973653,284.2973653,145.7942429,0.006298231,0.001049721,7.22807E-06,0.002594639,0.795406876,146.6908493,146.5359446,2131825.951
0.006198078,0.000830851,0.000751071,0.400598458,551.192807,551.192807,179.2925895,0.000921209,0.003469285,3.92194E-05,0.005520106,0.400598458,189.9435371,188.0899228,1564320.338
0.00647837,0.000959391,0.000342239,0.601408822,277.5621757,277.5621757,214.6714927,0.006037962,0.001179595,3.58257E-05,0.002696437,0.601408822,216.2120765,214.6845195,2206394.676
0.006337273,0.000740171,0.000702556,0.65539694,690.1428625,690.1428625,47.19349135,0.001113479,0.003352068,3.4863E-06,0.005480787,0.65539694,56.66090963,56.51311926,2272056.381
0.005954295,0.000969299,0.000856406,0.257086109,195.5195562,195.5195562,72.89624598,0.005949777,0.000971558,1.39335E-05,0.003014552,0.257086109,77.80529121,75.56732591,1936178.982
0.00634829,0.000829724,0.000601986,0.534322134,207.1461995,207.1461995,98.25359058,0.006342918,0.00083241,2.69425E-05,0.002747549,0.534322134,99.30353056,99.04127524,1507930.812
0.006778941,0.000721542,0.000279517,0.333483515,597.0585713,597.0585713,225.5542286,0.000457404,0.003882311,3.30926E-05,0.005577013,0.333483515,241.0197759,237.3689023,1877556.457
0.006793425,0.000443732,0.000542843,0.716075909,625.3440656,625.3440656,90.52576483,0.001127055,0.003276917,5.38265E-06,0.005540465,0.716075909,97.80291894,97.59770493,2127498.553
0.006118225,0.000998804,0.000662971,0.066190306,475.6387893,475.6387893,206.0723522,0.000207609,0.003954112,7.86242E-05,0.005709475,0.066190306,327.0262473,248.2745415,1734248.74
0.007031838,0.000334209,0.000413953,0.893463941,571.4474673,571.4474673,69.12307146,0.001170882,0.003264686,1.9033E-06,0.005512348,0.893463941,75.11309346,74.67621731,2458210.503
0.006396272,0.000542977,0.000840751,0.698428678,451.8025309,451.8025309,65.50722398,0.003665198,0.001908514,6.24146E-05,0.004313693,0.698428678,70.14097179,69.61201244,1460997.639
0.006762824,0.000820879,0.000196297,0.006643338,485.6612809,485.6612809,225.0041533,0.000556618,0.003923982,0.000125425,0.005343795,0.006643338,781.3053187,291.0235481,1624739.88
0.007127225,0.000327892,0.000324883,0.800054686,284.1238433,284.1238433,216.73608,0.006580176,0.000601416,3.48653E-05,0.002733362,0.800054686,218.409669,216.796035,2602266.304
0.00573089,0.000975604,0.001073506,0.777713836,443.6051464,443.6051464,152.0151387,0.001553685,0.003064206,6.17495E-06,0.005325754,0.777713836,155.6398105,155.3635679,2209752.298
0.00653206,0.00056931,0.00067863,0.627837392,212.8164627,212.8164627,124.2794645,0.006517574,0.000576553,5.6564E-06,0.002850037,0.627837392,125.0242,124.7897549,2346628.032
0.005744562,0.001106324,0.000929115,0.796494025,215.458829,215.458829,94.07677991,0.005736952,0.001110128,5.17011E-06,0.003097569,0.796494025,95.05101578,94.97212162,2429830.023
0.006291984,0.000481549,0.001006466,0.419085436,357.800674,357.800674,178.9543198,0.00558408,0.000835502,7.66677E-05,0.003453571,0.419085436,182.104445,180.8083671,1349758.813
0.00635377,0.001274499,0.000151731,0.33440889,508.6114259,508.6114259,182.2454633,0.000774012,0.004064378,2.25899E-05,0.00508884,0.33440889,194.4632137,192.515519,1867610.917
0.006321782,0.00098094,0.000477278,0.074728613,641.7586857,641.7586857,25.98170744,0.000233565,0.004025048,1.3218E-05,0.005677989,0.074728613,177.9872533,109.0554322,2303518.168
0.006430609,0.000610847,0.000738543,0.897496729,530.2822795,530.2822795,30.84746936,0.001347062,0.003152621,4.58478E-05,0.005404289,0.897496729,36.14810893,35.77787959,1486282.287
0.007328445,0.000203838,0.000247717,0.782848174,536.3361907,536.3361907,86.89921684,0.001173178,0.003281472,4.76508E-06,0.005490406,0.782848174,92.76880394,92.58802105,2179150.075
0.006407577,0.000526608,0.000845815,7.32339E-05,541.6798445,541.6798445,185.4151783,0.000622507,0.003419143,0.000119975,0.005788195,7.32339E-05,1025.769714,276.2919135,1619053.369
0.007012002,0.000400738,0.00036726,0.61198225,594.7640309,594.7640309,150.3630274,0.00091413,0.003449674,2.45692E-06,0.005583559,0.61198225,157.9696262,157.7546535,2468985.939
0.006478459,0.000351745,0.000949796,0.58939551,523.7586353,523.7586353,223.2916935,0.000520643,0.003330653,1.10125E-05,0.006087511,0.58939551,229.9144919,228.6484198,2464382.517
0.006360348,0.000350735,0.001068917,0.37063762,452.0176636,452.0176636,52.73395806,0.001148702,0.002956558,8.28052E-06,0.005836279,0.37063762,63.61075508,62.92777598,1927760.713
0.0070415,8.99545E-05,0.000648545,0.428736769,356.0355695,356.0355695,147.5594786,0.006391107,0.000415151,2.11233E-05,0.003122438,0.428736769,150.5368983,150.0086372,1840679.124
0.006382603,0.000942037,0.00045536,0.349450023,663.2780835,663.2780835,83.85815647,0.000792816,0.00373693,1.40987E-06,0.005418663,0.349450023,101.6123229,100.8459462,2639544.412
0.006214564,0.000527448,0.001037987,0.406856822,312.5532436,312.5532436,37.59848905,0.00613047,0.000569496,6.46432E-05,0.003185211,0.406856822,43.1411956,41.43464573,1300575.909
0.006839522,0.000837842,0.000102636,0.024093588,447.5652493,447.5652493,201.3721939,0.000331424,0.004091891,8.75852E-05,0.00543892,0.024093588,524.9718566,272.731059,1837737.008
0.00678079,0.00045131,0.0005479,0.382763495,564.4121221,564.4121221,142.1865926,0.000902676,0.003390367,9.11469E-06,0.005647662,0.382763495,153.9276855,153.1962561,1973493.697
0.006088937,0.001109002,0.000582062,0.095233704,316.4759518,316.4759518,82.70102097,0.005538836,0.001384052,1.04903E-05,0.003016441,0.095233704,110.9657417,96.49927261,2154895.938
0.006079007,0.001028774,0.000672219,0.038809707,618.0982269,618.0982269,54.76530066,0.000348923,0.003893816,0.000183454,0.005523627,0.038809707,384.0985603,168.2692219,1371595.678
0.006307045,0.001296014,0.000176941,0.500514426,461.3087552,461.3087552,90.30350638,0.001354086,0.003772493,5.81309E-05,0.004765109,0.500514426,98.18433744,97.27888811,1486430.383
0.006750011,0.000798285,0.000231703,0.550162228,651.0194284,651.0194284,33.95122864,0.001096358,0.003625112,5.32347E-06,0.005223026,0.550162228,45.13478827,44.99115847,2209599.445
0.00638919,0.000728244,0.000662566,0.66495164,365.7102692,365.7102692,155.1743765,0.005827835,0.001008921,3.44627E-05,0.003078601,0.66495164,157.2297059,156.7767165,1590595.533
0.006867003,0.000532485,0.000380512,0.231234779,663.8656902,663.8656902,70.53047102,0.000948854,0.00349156,5.3449E-05,0.005455957,0.231234779,97.94099303,94.95908068,1451937.767
0.00694974,0.000628652,0.000201609,0.653635781,659.9869242,659.9869242,176.7753865,0.001080554,0.003563244,8.04922E-05,0.005225529,0.653635781,185.3946234,183.6958354,1343320.974
0.00730597,0.000355803,0.000118227,0.641930507,486.5771838,486.5771838,81.85108808,0.001261345,0.003378115,4.43361E-05,0.005266024,0.641930507,88.57018668,87.94413441,1520878.087
0.006690399,0.000838118,0.000251483,0.453393032,238.7486885,238.7486885,106.6319023,0.006669489,0.000848573,5.02131E-06,0.002426736,0.453393032,108.2960825,108.0093286,2005741.701
0.006382879,0.000828767,0.000568353,0.803493695,373.9567293,373.9567293,31.54888928,0.005943888,0.001048263,4.4206E-06,0.002953248,0.803493695,34.35126174,34.33951713,2507740.559
0.006520427,0.000176024,0.001083549,0.70144889,327.5312228,327.5312228,26.38262977,0.00638882,0.000241828,6.88384E-06,0.003312289,0.70144889,28.92621545,28.91174924,2366811.995
0.006543503,0.000320425,0.000916071,0.4453792,322.5597257,322.5597257,58.59415244,0.006415906,0.000384224,4.08914E-05,0.003108798,0.4453792,62.82109302,61.88493863,1478649.237
0.007108852,0.000383642,0.000287506,0.685358832,302.3847112,302.3847112,76.03683354,0.007045054,0.000415541,2.00765E-05,0.002469148,0.685358832,77.91341674,77.76584876,1377197.974
0.006807882,0.000812783,0.000159336,0.600343564,187.5235978,187.5235978,33.70242491,0.006806219,0.000813614,2.14022E-06,0.002327847,0.600343564,35.19316309,35.18673789,2234384.042
0.006141703,0.000847203,0.000791094,0.880301208,642.2837595,642.2837595,88.98317029,0.00119568,0.003320215,9.75767E-06,0.005424167,0.880301208,94.90336385,94.67352836,1967404.385
0.006175299,0.000995956,0.000608745,0.105372589,418.1337287,418.1337287,30.32296771,0.000715072,0.00372607,1.1507E-05,0.005497171,0.105372589,84.6595526,67.78978799,1983555.521
0.007089761,9.4869E-05,0.00059537,0.782392236,481.8447128,481.8447128,40.9556634,0.001338053,0.002970723,1.89024E-05,0.005622141,0.782392236,46.66211836,46.22821924,1732206.863
0.007006615,0.000321291,0.000452094,0.511074013,347.8088248,347.8088248,34.86626308,0.006763996,0.0004426,1.58424E-05,0.002727381,0.511074013,38.68799529,38.63564104,1744632.85
0.006830384,0.000548706,0.00040091,0.108144934,693.7986063,693.7986063,207.0985175,0.000102006,0.003912895,2.07848E-05,0.005914133,0.108144934,293.9386937,258.0949221,2561540.296
0.006410142,0.000430799,0.000939059,0.873296774,688.6353706,688.6353706,84.4953774,0.00119239,0.003039675,9.02543E-06,0.005708729,0.873296774,90.86125269,90.6428586,1923196.13
0.006669389,0.00048991,0.0006207,0.75597158,678.7694245,678.7694245,142.4074017,0.000994459,0.003327376,3.00694E-06,0.005624978,0.75597158,149.3798607,149.2015957,2340943.547
0.006561888,0.000172488,0.001045623,0.056094359,526.6452719,526.6452719,98.111759,0.00022248,0.003342193,7.51002E-05,0.006310047,0.056094359,267.2800901,171.6709566,1543131.671
0.006414496,0.001043781,0.000321723,0.25027252,557.19067,557.19067,216.8309796,0.000595986,0.003953036,9.53061E-05,0.005305492,0.25027252,238.0027826,230.6551709,1399441.896
0.007078965,0.000527177,0.000173858,0.368672891,357.2117028,357.2117028,173.5644426,0.006228214,0.000952552,3.20492E-05,0.002737004,0.368672891,176.8943837,176.0712438,1572210.413
0.006630761,0.000836779,0.000312461,0.564131622,453.4641108,453.4641108,203.4952621,0.000832945,0.003735687,1.52372E-05,0.005365951,0.564131622,209.3692957,208.3156448,2072352.07
0.006590346,0.000591105,0.000598549,0.827193594,326.2607265,326.2607265,143.8816698,0.006356842,0.000707857,8.36308E-06,0.002876758,0.827193594,145.145009,144.9558962,2216849.993
0.006793404,0.000141631,0.000844965,0.37364237,553.2233045,553.2233045,162.6499373,0.000653992,0.003211337,1.77143E-06,0.006082719,0.37364237,174.1128433,173.7207097,2608799.422
0.006171172,0.000438715,0.001170112,0.640353029,583.6389537,583.6389537,100.9024489,0.001241285,0.002903659,6.26799E-05,0.005742196,0.640353029,108.2032639,107.2791679,1344518.3
0.006556885,0.001104191,0.000118924,0.873787568,228.192752,228.192752,66.1841615,0.006551005,0.001107131,6.15711E-06,0.002285527,0.873787568,67.2956724,67.19378087,1517647.828
0.006611977,0.000946222,0.000221801,0.391930467,299.8558716,299.8558716,47.15113698,0.006525737,0.000989342,5.92479E-06,0.002428816,0.391930467,51.28482301,51.1747343,1905094.64
0.006768375,0.000474115,0.000537509,0.571847396,290.869342,290.869342,55.67714132,0.006716659,0.000499973,1.52949E-05,0.002717892,0.571847396,58.23039162,58.12885331,1747968.919
0.00656091,0.000773409,0.000445681,0.811400528,505.140646,505.140646,214.1489758,0.00100062,0.003553554,7.48126E-05,0.005320833,0.811400528,219.5776699,217.5982498,1409993.811
0.006805619,0.000776691,0.000197689,0.784426605,556.7046089,556.7046089,27.13259202,0.001190903,0.003584049,3.04314E-06,0.005171824,0.784426605,33.84212644,33.81739414,2429454.469
0.00616647,0.00081592,0.00079761,0.12845291,612.3757357,612.3757357,201.9363637,0.000220295,0.003789007,4.28216E-05,0.005897696,0.12845291,258.1553168,235.422038,1845050.09
0.006411018,0.000939166,0.000429816,0.180545791,196.4866448,196.4866448,128.0434329,0.006393719,0.000947815,5.71384E-06,0.002602571,0.180545791,130.3264457,128.9357129,2207990.871
0.006762688,0.000171091,0.000846222,0.55883899,289.9299921,289.9299921,187.1859679,0.006498066,0.000303401,2.11852E-05,0.003127167,0.55883899,188.345705,187.6014145,2082476.945
0.005936261,0.001107188,0.000736552,0.697528519,426.0874106,426.0874106,112.5818677,0.004490807,0.001829914,8.30968E-05,0.003546001,0.697528519,116.1078379,115.5054147,1287574.599
0.0068761,0.000808779,9.51209E-05,0.222137445,379.8315426,379.8315426,91.68158276,0.004912052,0.001790803,1.0961E-05,0.003236004,0.222137445,104.7538039,101.2260864,2202136.727
0.006715101,0.000286307,0.000778592,0.332513295,360.4508042,360.4508042,176.6166356,0.00559334,0.000847188,3.74647E-05,0.003471828,0.332513295,180.7130118,179.4060452,1730112.839
0.006908029,0.000374789,0.000497182,0.306994299,219.4141043,219.4141043,94.51004335,0.006897112,0.000380248,1.68329E-05,0.002655627,0.306994299,96.83619483,96.24255175,1661109.864
0.006493293,0.000897236,0.000389471,0.410755988,575.1313264,575.1313264,135.1340915,0.000951082,0.003668341,1.26355E-05,0.005317761,0.410755988,146.4950021,145.7290919,1934244.969
0.00648134,0.000723086,0.000575574,0.15374963,392.2076637,392.2076637,203.8319916,0.000294628,0.003816442,1.79943E-05,0.005820756,0.15374963,229.904172,219.8207288,2162127.786
0.006297299,0.000721141,0.00076156,0.671047912,530.7377553,530.7377553,193.787894,0.000815801,0.00346189,6.00559E-06,0.005666123,0.671047912,199.3714704,198.8470888,2415138.067
0.00582019,0.001065255,0.000894555,0.088189147,467.8985861,467.8985861,70.47702775,0.000415937,0.003767381,1.00784E-05,0.005756423,0.088189147,144.89311,116.6071304,2075014.37
0.006404282,0.000698868,0.000676849,0.801243569,213.093155,213.093155,110.1076273,0.00639809,0.000701965,4.40726E-05,0.002805693,0.801243569,110.7755245,110.5245993,1319215.426
0.007419552,0.000230759,0.000129689,0.073893929,343.6729282,343.6729282,191.3861582,0.000132994,0.003874038,2.93439E-05,0.005913444,0.073893929,280.5645988,222.1245666,2400434.565
0.006387483,0.00030051,0.001092007,0.703372571,679.2268311,679.2268311,51.58667441,0.001222924,0.00288279,1.92463E-05,0.00582486,0.703372571,59.66354529,59.32292911,1674554.896
0.007198337,0.000194834,0.000386829,0.763811563,661.9023265,661.9023265,176.7827714,0.000868548,0.003359728,3.74804E-06,0.005717795,0.763811563,183.4142816,183.1149812,2444889.73
0.006439165,0.000262467,0.001078368,0.405795133,379.6436305,379.6436305,201.3057806,0.003343611,0.001810244,2.20195E-05,0.004773945,0.405795133,206.2964565,204.5363618,2255048.203
0.006357988,0.000702969,0.000719043,0.544796688,501.8617979,501.8617979,123.8642654,0.001065891,0.003349017,5.48477E-06,0.005529427,0.544796688,130.9340804,130.6287734,2137866.735
0.006294509,0.000762003,0.000723488,0.319029492,473.7420295,473.7420295,137.959674,0.000950882,0.003433816,1.52306E-05,0.005549891,0.319029492,149.6381765,148.4558873,1831469.606
0.006717059,0.000522921,0.000540021,0.68318832,610.4359619,610.4359619,196.1290423,0.00102947,0.003366715,7.14071E-05,0.005482228,0.68318832,203.5684357,201.7033333,1376048.867
0.007365581,0.000261535,0.000152884,0.530500877,675.2763567,675.2763567,223.6733499,0.000392213,0.003748219,1.08706E-05,0.005798517,0.530500877,234.3338816,232.943237,2690380.939
0.006314993,0.000441087,0.00102392,0.550416846,225.3578832,225.3578832,183.4556732,0.006202717,0.000497225,1.64401E-05,0.003233438,0.550416846,183.8237213,183.1758156,2215675.325
0.005991435,0.000971748,0.000816817,0.758855156,639.7424423,639.7424423,92.5387665,0.001220278,0.003357327,3.15407E-05,0.005340675,0.758855156,99.41821689,98.91869407,1610354.049
0.006783141,0.000608614,0.000388245,0.411294544,473.6981187,473.6981187,123.8190164,0.001146337,0.003427016,6.1338E-05,0.005315129,0.411294544,133.5287047,132.0429223,1415302.675
0.006569283,0.001010588,0.000200129,0.794511913,285.971114,285.971114,72.79066018,0.006529179,0.00103064,8.70444E-06,0.002381296,0.794511913,74.48377196,74.31583666,1626388.617
0.007027813,0.00040613,0.000346057,0.444220449,299.7909233,299.7909233,125.4669502,0.006863326,0.000488374,3.03392E-06,0.002595087,0.444220449,128.1620091,127.5708251,2556132.337
0.006235422,0.000651978,0.000892599,0.560569355,546.7891552,546.7891552,36.26251646,0.001249175,0.003145102,3.01674E-05,0.005525375,0.560569355,44.90632421,44.39587456,1595934.001
0.006459731,0.001014113,0.000306156,0.505952972,491.1983323,491.1983323,31.56276439,0.001194539,0.003646709,1.21032E-05,0.005096469,0.505952972,40.85170888,40.48932305,1964477.008
0.00673379,0.000353428,0.000692782,0.649497573,485.8609973,485.8609973,151.3472402,0.000972698,0.003233974,1.70095E-06,0.005741447,0.649497573,156.8279124,156.6663779,2566994.036
0.006301362,0.000532412,0.000946226,0.492097449,680.7820156,680.7820156,147.6064637,0.001032582,0.003166802,3.25023E-05,0.005717933,0.492097449,158.3944961,157.3004901,1559055.359
0.007306854,0.000194062,0.000279083,0.705999427,483.5391469,483.5391469,36.85278649,0.001269388,0.003212795,1.11921E-05,0.005456444,0.705999427,43.30867969,43.10163865,1921183.663
0.006871238,0.000256085,0.000652677,0.401722891,237.7481486,237.7481486,146.0793558,0.006824094,0.000279657,9.1267E-06,0.002836943,0.401722891,147.0565479,146.6819818,2155369.325
0.006945798,0.000136998,0.000697204,0.820718051,271.8174391,271.8174391,132.6651219,0.006889232,0.000165281,9.35197E-06,0.002885955,0.820718051,133.5364561,133.3559463,2122982.558
0.006767076,0.000187016,0.000825908,0.077937478,238.9178353,238.9178353,197.0473906,0.006388589,0.00037626,3.11182E-05,0.003153853,0.077937478,204.2722681,195.0173056,2221248.094
0.006422572,0.000660314,0.000697115,0.899043631,261.4360234,261.4360234,152.9403332,0.006370143,0.000686528,2.45659E-05,0.002868583,0.899043631,153.5606388,153.2815921,1660967.295
0.006945605,0.000490119,0.000344276,0.654825708,529.3480311,529.3480311,76.18725007,0.001197554,0.003364144,1.31243E-05,0.005374997,0.654825708,83.17884539,82.84839569,1885453.229
0.006500138,0.000753933,0.00052593,0.502570422,513.1751227,513.1751227,42.08137437,0.001109852,0.003449076,2.46634E-06,0.005388426,0.502570422,51.56911902,51.47204059,2413952.754
0.005990842,0.000923043,0.000866115,0.128550291,376.7920804,376.7920804,32.51720197,0.002482084,0.002677422,3.58534E-06,0.004786728,0.128550291,65.67697279,56.37749337,2598953.265
0.006144277,0.000742808,0.000892915,0.753874861,269.9152127,269.9152127,148.6364999,0.006077541,0.000776176,1.60209E-05,0.003080082,0.753874861,149.4629605,149.1834939,1946772.16
0.005942897,0.001211358,0.000625745,0.652725357,385.5045922,385.5045922,164.6026398,0.004938312,0.00171365,3.13201E-05,0.003266537,0.652725357,167.1075041,166.5574195,1714290.813
0.00647239,0.000906272,0.000401338,0.375647547,594.8380489,594.8380489,76.87134523,0.001023315,0.003630809,1.33368E-05,0.005282359,0.375647547,91.00219728,90.24410781,1905618.697
0.006275357,0.000998275,0.000506368,0.245860885,390.7447869,390.7447869,107.2843482,0.00426492,0.002003493,3.37967E-05,0.00364761,0.245860885,117.3119506,115.4370068,1716587.179
0.006588189,0.000812586,0.000379225,0.283243674,571.9607333,571.9607333,95.67042567,0.000967026,0.003623168,2.74186E-05,0.005332207,0.283243674,113.7587404,112.0799967,1672850.566
0.006932514,0.000410243,0.000437243,0.523530619,337.4073099,337.4073099,36.99453153,0.006768006,0.000492497,2.46464E-05,0.00266467,0.523530619,40.61119146,40.48225795,1484623.251
0.006492466,0.001017157,0.000270378,0.620425546,513.2530144,513.2530144,34.4318807,0.001277006,0.003624887,4.70784E-05,0.005000849,0.620425546,42.12285679,41.62092773,1523212.259
0.006541624,0.000944529,0.000293847,0.777482232,638.2597487,638.2597487,45.00601775,0.001201482,0.0036146,1.12509E-05,0.005122487,0.777482232,52.935477,52.27728343,1984464.394
0.006418706,0.000815496,0.000545798,0.189780745,293.7680946,293.7680946,160.2138924,0.00618623,0.000931734,4.07155E-05,0.00279114,0.189780745,164.4997731,162.6915851,1402243.782
0.006836654,0.000790724,0.000152623,0.45608139,431.8318088,431.8318088,65.28696088,0.001547819,0.003435141,2.46238E-06,0.004964398,0.45608139,74.10886114,73.61725131,2592195.435
0.00628362,0.000420226,0.001076154,0.382550515,244.4736553,244.4736553,69.08135467,0.006268839,0.000427617,4.18155E-05,0.003211549,0.382550515,72.08388042,71.33317948,1497686.456
0.006993455,0.000570815,0.000215731,0.215737676,254.3585164,254.3585164,21.78607143,0.006969367,0.000582859,1.11005E-05,0.002386494,0.215737676,28.90708298,28.10979637,1514529.81
0.006544073,0.00096965,0.000266277,0.68177335,219.4911512,219.4911512,170.40296,0.006483432,0.00099997,7.45036E-06,0.002458967,0.68177335,170.5980775,170.339145,2293966.439
0.006122306,0.000745055,0.000912638,0.712722798,227.2916717,227.2916717,136.0499215,0.006098286,0.000757065,8.56654E-06,0.003085902,0.712722798,136.6548635,136.4374471,2236510.637
0.005965502,0.001050104,0.000764394,0.347298045,506.5966236,506.5966236,134.175534,0.00098048,0.003542615,1.83851E-05,0.005408339,0.347298045,145.6095273,144.4951869,1791059.063
0.007018865,0.000274845,0.00048629,0.286255755,396.6303228,396.6303228,173.5351521,0.003739954,0.0019143,8.92571E-05,0.004206309,0.286255755,182.110102,179.3301471,1409423.864
0.006596675,0.001015367,0.000167958,0.432837827,512.5307399,512.5307399,190.5753849,0.00098798,0.003819715,0.00010218,0.005039945,0.432837827,200.7711431,197.9121648,1292255.938
0.006785103,0.000907144,8.77537E-05,0.250662541,623.694051,623.694051,101.3736954,0.000836517,0.003881436,2.05418E-05,0.005211324,0.250662541,124.9117368,122.4553827,1809277.233
0.006816855,0.000429558,0.000533587,0.142240977,576.2732668,576.2732668,48.11994404,0.000519395,0.003578288,2.47032E-06,0.005849667,0.142240977,96.21994968,87.70085659,2395668.964
0.006022648,0.000787967,0.000969385,0.355873257,684.6917511,684.6917511,60.48948292,0.000995847,0.003301368,1.00451E-05,0.00564256,0.355873257,77.48422272,76.74322457,1917610.78
0.006495971,0.000651491,0.000632539,0.256917588,585.433995,585.433995,168.9938874,0.000815311,0.00349182,6.14132E-05,0.005581275,0.256917588,188.649067,184.6187975,1423277.804
0.007269259,0.000275842,0.000234899,0.218753148,663.9974338,663.9974338,158.5139845,0.000411567,0.003704688,4.60217E-06,0.005828963,0.218753148,186.9785102,183.9725486,2419076.617
0.00632659,0.000602304,0.000851105,0.578271266,563.8176053,563.8176053,32.37989314,0.001159375,0.003185912,3.74995E-06,0.005600783,0.578271266,41.13674635,41.07688908,2218105.12
0.006005432,0.001042551,0.000732016,0.861231793,316.1960814,316.1960814,99.48764779,0.005896128,0.001097204,1.38286E-05,0.00294266,0.861231793,101.0828071,100.8728487,1923973.03
0.006494878,0.000636228,0.000648894,0.167710113,553.6676452,553.6676452,121.6121545,0.000567625,0.003599855,8.61425E-06,0.005773726,0.167710113,154.0103764,148.6404581,2036387.607
0.006511033,0.000663325,0.000605642,0.818566128,540.541434,540.541434,180.1353531,0.001016164,0.003410759,1.03432E-05,0.005512553,0.818566128,184.8748443,184.393143,2028209.095
0.006795236,0.000230137,0.000754627,0.511870712,581.2426649,581.2426649,50.57473749,0.001103041,0.003076234,3.69739E-06,0.005766847,0.511870712,61.57634008,60.5428617,2175975.203
0.006796809,0.000274294,0.000708897,0.17417289,567.9307137,567.9307137,120.4326885,0.000518507,0.003413445,4.20398E-06,0.006013664,0.17417289,151.7769529,147.8746449,2196434.99
0.006729553,0.000258527,0.00079192,0.633817555,349.2256701,349.2256701,34.85905078,0.006532284,0.000357161,3.22811E-05,0.003028094,0.633817555,37.91482023,37.83791913,1560231.516
0.007338443,0.000128707,0.000312849,0.586424996,447.1697882,447.1697882,182.8827099,0.000869003,0.003363428,4.59743E-06,0.005712792,0.586424996,188.4441624,188.0052366,2415277.669
0.006358548,0.000401866,0.001019586,0.298713916,581.113903,581.113903,101.4434879,0.001006226,0.003078027,2.89698E-05,0.005836597,0.298713916,117.5371502,116.1504491,1563983.77
0.007168871,0.000323571,0.000287559,0.469416588,478.9859183,478.9859183,68.84998573,0.001163378,0.003326317,1.35708E-05,0.005446554,0.469416588,78.03315972,77.54160835,1867767.331
0.006771495,0.000475109,0.000533396,0.022296847,673.3136709,673.3136709,36.66541983,0.000443552,0.003639081,0.000126825,0.005740362,0.022296847,623.7669477,219.6379834,1604781.731
0.00718766,0.000237645,0.000354695,0.020055407,274.3518752,274.3518752,36.34213476,0.006748479,0.000457236,3.22805E-05,0.002711825,0.020055407,158.1003092,70.3461797,1664601.556
0.006277102,0.001137571,0.000365327,0.718673917,649.5398985,649.5398985,211.8386158,0.000974477,0.003788884,0.000107026,0.005079433,0.718673917,219.8894518,217.4665358,1292508.768
0.007062415,0.00063116,8.64247E-05,0.097039955,570.4819055,570.4819055,62.34536867,0.000268435,0.00402815,4.32109E-06,0.005648914,0.097039955,152.419811,120.2984668,2590054.46
0.006064251,0.000540102,0.001175647,0.619929452,332.7993682,332.7993682,217.8686937,0.005143778,0.001000338,4.82931E-05,0.00375741,0.619929452,220.4739485,218.4522728,2016532.194
0.006791832,0.00034776,0.000640409,0.697525371,506.8292747,506.8292747,90.2756361,0.001199453,0.003143949,9.34441E-06,0.005597073,0.697525371,96.21454741,95.94450672,1942471.021
0.006813091,0.000434015,0.000532895,0.712346633,422.8922408,422.8922408,218.5690669,0.000998609,0.003341256,2.22241E-05,0.005587731,0.712346633,223.0604743,221.6492859,2023162.156
0.006600412,0.000520891,0.000658698,0.63852504,252.8640151,252.8640151,90.97976427,0.006580268,0.000530962,1.71928E-05,0.002821397,0.63852504,92.50476119,92.2253295,1761896.475
0.006378417,0.000994616,0.000406967,0.851884643,467.0361779,467.0361779,33.11901389,0.002773615,0.002797017,2.88588E-05,0.004350329,0.851884643,37.62273112,37.49309868,1757981.137
0.006639371,0.000666136,0.000474493,0.268224844,681.2997548,681.2997548,146.6900924,0.00049118,0.003740231,2.04102E-06,0.005716367,0.268224844,169.41033,168.0532217,2675878.192
0.006096364,0.000658443,0.001025193,0.89623904,412.3416498,412.3416498,134.9286291,0.004706217,0.001353516,1.86959E-05,0.003871391,0.89623904,137.1916658,136.8757184,1953580.275
0.007002651,9.53724E-05,0.000681976,0.499006992,488.2416042,488.2416042,207.4991865,0.000635215,0.003279091,8.21721E-06,0.006027297,0.499006992,214.6726298,213.7133658,2338259.66
0.006376652,0.000626098,0.00077725,0.590483079,243.444826,243.444826,61.62346032,0.006362213,0.000633318,7.27231E-06,0.002947017,0.590483079,63.47834562,63.43732039,2231988.893
0.006288699,0.000796057,0.000695244,0.850814456,288.7746687,288.7746687,182.9344101,0.00607346,0.000903676,1.25859E-05,0.002960098,0.850814456,183.7471092,183.2961882,2403978.761
0.00634321,0.00065608,0.00078071,0.202181261,269.9616926,269.9616926,91.92569316,0.00627843,0.00068847,2.38469E-05,0.002959073,0.202181261,97.9411015,96.14081078,1669970.458
0.006715289,0.000676637,0.000388073,0.883366472,205.6574879,205.6574879,221.0894014,0.006408523,0.00083002,5.65659E-05,0.00265471,0.883366472,221.9110503,220.4819544,1680142.708
0.006432466,0.000965243,0.000382292,0.153567721,325.9395786,325.9395786,192.9374445,0.004929794,0.001716578,3.14583E-05,0.003271989,0.153567721,203.9114055,197.4942612,2291919.431
0.006031154,0.000992055,0.000756791,0.846954753,304.2181308,304.2181308,167.2369694,0.005882213,0.001066525,3.60073E-05,0.002965074,0.846954753,168.2372457,167.8076296,1542414.621
0.007110082,0.000402396,0.000267521,0.861264447,369.7077913,369.7077913,64.4519647,0.006663513,0.000625681,3.5796E-06,0.002657046,0.861264447,66.78419376,66.76665709,2460884.456
0.005762756,0.000987798,0.001029446,0.157521505,255.3647765,255.3647765,23.19534811,0.005733908,0.001002222,3.7816E-05,0.003175874,0.157521505,34.90062607,31.75511282,1528040.331
0.007004855,0.000462475,0.000312671,0.048888289,696.1332446,696.1332446,63.44753938,0.000131601,0.003899102,2.95853E-05,0.005889532,0.048888289,365.3600412,189.8779755,2621981.35
0.006717205,8.25767E-05,0.000980218,0.241394922,448.7456359,448.7456359,130.9684898,0.000716501,0.003082929,2.0886E-06,0.006148302,0.241394922,146.2816479,145.3520533,2304928.098
0.00684576,0.00016121,0.00077303,0.491413278,384.6516154,384.6516154,42.4345533,0.006269998,0.000449091,4.3308E-05,0.003187423,0.491413278,47.14768392,46.77155458,1478529.574
0.007063306,0.000473379,0.000243316,0.69767008,314.2749066,314.2749066,196.6006053,0.006585033,0.000712515,1.77056E-05,0.002634566,0.69767008,197.9814638,197.200036,2483648.463
0.006520418,0.000364848,0.000894733,0.543387446,372.8737375,372.8737375,208.4095555,0.004140814,0.00155465,2.25214E-05,0.004231834,0.543387446,212.0241825,210.3839765,2596064.349
0.006728388,8.60973E-05,0.000965515,0.284493416,390.369346,390.369346,89.03106888,0.004788499,0.001056042,1.35247E-05,0.004091755,0.284493416,98.31324257,96.43610835,2082143.703
0.006854961,0.000248631,0.000676408,0.39002297,659.2633874,659.2633874,117.0422778,0.000954013,0.003199105,1.16004E-05,0.005785101,0.39002297,130.9514347,130.261253,1848757.645
0.006649539,0.000591131,0.00053933,0.758502748,439.5411946,439.5411946,20.59921587,0.00464952,0.00159114,2.03141E-05,0.003688845,0.758502748,24.75024684,24.71209773,1911159.702
0.006324082,0.000903139,0.000552779,0.56352319,497.5353724,497.5353724,84.31137389,0.001118488,0.003505936,4.1118E-06,0.005321284,0.56352319,91.79811515,91.52172183,2275817.223
0.006190063,0.000784327,0.00080561,0.245300519,189.3023164,189.3023164,120.3682174,0.006181619,0.000788549,2.51427E-05,0.002954509,0.245300519,121.6827948,120.8926859,1651916.162
0.00663182,0.000807589,0.000340591,0.463085834,486.5916698,486.5916698,74.22891503,0.001241348,0.003502825,8.33558E-05,0.005122291,0.463085834,83.5682818,82.52182231,1326255.819
0.007039102,0.000623562,0.000117336,0.79956157,583.3558355,583.3558355,161.3016854,0.000938659,0.003673783,2.49624E-06,0.005334881,0.79956157,166.9637942,166.7763664,2620197.015
0.006052523,0.000851408,0.00087607,0.156874603,522.0134237,522.0134237,208.4787662,0.000135131,0.003810104,9.32855E-06,0.005995257,0.156874603,240.9047377,231.9982712,2686495.784
0.005681176,0.001045849,0.001052975,0.738063292,456.2904937,456.2904937,138.0082606,0.001148035,0.003312419,2.95525E-06,0.00548641,0.738063292,142.244979,142.0731397,2384766.751
0.005876471,0.001030329,0.0008732,0.163080879,607.9943123,607.9943123,74.87275523,0.000467745,0.003734692,1.33463E-06,0.005746048,0.163080879,115.2261407,109.1770184,2677865.115
0.006323531,0.000487035,0.000969434,0.087546333,677.6912224,677.6912224,212.0543937,0.000147527,0.003575037,4.5566E-05,0.006181689,0.087546333,323.8841776,267.4372683,1968310.884
0.006229546,0.000985967,0.000564487,0.028193012,346.8555929,346.8555929,33.28902733,0.000326507,0.003937487,0.00017642,0.005509406,0.028193012,310.3958477,114.2161409,1458994.052
0.007075911,0.00049048,0.000213609,0.009168171,593.3633793,593.3633793,149.5505008,0.000479843,0.003788514,8.29957E-05,0.005598467,0.009168171,859.9384565,306.8841664,1926926.093
0.006326478,0.000810021,0.000643501,0.870702499,332.289657,332.289657,216.1514514,0.005502096,0.001222212,3.66237E-05,0.003188888,0.870702499,218.1179131,216.6324128,2328293.314
0.006263472,0.000662668,0.00085386,0.799234909,194.4463865,194.4463865,126.815971,0.006253872,0.000667468,8.03242E-06,0.003020448,0.799234909,127.2024506,127.0145373,2234941.927
0.005884582,0.001046038,0.000849381,0.044726334,234.8663747,234.8663747,217.894141,0.005096757,0.00143995,6.62802E-05,0.003346833,0.044726334,237.3528757,210.804989,2512995.808
0.006468766,0.000358859,0.000952375,0.603189535,354.4987406,354.4987406,76.26759781,0.006104835,0.000540824,6.57062E-06,0.00329759,0.603189535,79.2285252,79.16762112,2355839.776
0.006272213,0.000708146,0.000799641,0.878959427,342.6888243,342.6888243,129.0078889,0.0059919,0.000848303,9.97006E-06,0.003099647,0.878959427,130.4907826,130.2966403,2155083.794
0.006507881,0.000629095,0.000643024,0.198247307,196.0412879,196.0412879,208.4801539,0.006324275,0.000720898,4.63685E-05,0.002858279,0.198247307,208.3449517,205.892224,1668759.621
0.006664062,0.000756218,0.00035972,0.075661899,269.5757785,269.5757785,64.40762859,0.006544486,0.000816006,1.27965E-05,0.002576532,0.075661899,94.00261627,77.35238458,1758225.931
0.006935233,0.00040823,0.000436537,0.322984854,413.2846263,413.2846263,191.0205396,0.000606037,0.003572828,5.75292E-06,0.005765202,0.322984854,200.6887085,199.4999702,2462373.559
0.006527665,0.000385263,0.000867072,0.659867531,577.9027151,577.9027151,48.61308824,0.001220109,0.003039041,1.24142E-05,0.005678255,0.659867531,56.26420565,55.89583895,1833428.841
0.006949919,0.000300597,0.000529483,0.541933778,534.2905269,534.2905269,110.5488853,0.001200156,0.003175479,5.78616E-05,0.005516324,0.541933778,118.8191469,117.7785727,1399911.696
0.007380427,0.000212331,0.000187242,0.406239215,551.2637313,551.2637313,201.0522224,0.000533,0.003636044,6.86377E-06,0.005773911,0.406239215,211.8696294,210.8335349,2503988.966
0.006524119,0.000347177,0.000908704,0.821524153,421.3382478,421.3382478,165.6869988,0.004038474,0.00159,2.36126E-05,0.004297734,0.821524153,168.3590093,167.8175986,1899093.213
0.006837299,0.00043066,0.00051204,0.002869506,655.6768878,655.6768878,122.8090385,0.000735127,0.003481746,0.000152457,0.005580489,0.002869506,1085.129806,313.4581635,1507888.879
0.006722534,0.00075477,0.000302695,0.459076653,691.211144,691.211144,146.0951116,0.001073912,0.003579081,9.37522E-05,0.005203074,0.459076653,159.1081492,157.1142882,1287980.916
0.006350397,0.001334473,9.513E-05,0.130023383,662.4765689,662.4765689,36.09880487,0.000510144,0.0042546,9.57683E-06,0.005175499,0.130023383,105.076722,85.85961444,2201422.856
0.006702325,0.000130345,0.00094733,0.454189862,422.2269072,422.2269072,69.94035323,0.004285949,0.001338533,2.53991E-05,0.004299938,0.454189862,76.66953192,75.6147442,1809564.591
0.006323622,0.000930688,0.00052569,0.511397561,648.3603065,648.3603065,25.33345263,0.00115893,0.003513034,1.70712E-05,0.005260785,0.511397561,37.41814514,36.76989693,1818679.074
0.006148593,0.001118737,0.00051267,0.577956779,383.9403434,383.9403434,195.0937542,0.004532922,0.001926573,3.36871E-05,0.003456638,0.577956779,198.1511043,197.0688966,1904019.475
0.006332042,0.00093592,0.000512039,0.186248371,494.3884417,494.3884417,23.07436938,0.000894542,0.003654669,9.23591E-06,0.005391372,0.186248371,54.529244,48.52774059,2014024.222
0.006743602,0.000253852,0.000782545,0.30617504,472.6126944,472.6126944,133.8535265,0.000967796,0.003141755,1.85281E-05,0.00582174,0.30617504,146.1776991,144.8942619,1709915.266
0.006312012,0.001077913,0.000390075,0.294733559,618.2282754,618.2282754,44.75397893,0.000961356,0.003753241,1.19045E-05,0.005223318,0.294733559,65.45693882,63.77525207,1960323.618
0.006680598,0.000530333,0.000569069,0.553472223,332.1005269,332.1005269,141.6172768,0.006454011,0.000643627,4.81403E-05,0.002804042,0.553472223,143.5768724,143.1548284,1290008.433
0.006508489,0.001175142,9.63691E-05,0.53207485,525.1424338,525.1424338,148.7043338,0.00109673,0.003881022,4.923E-05,0.004922838,0.53207485,156.7970853,155.6153819,1525212.613
0.006407615,0.001089743,0.000282642,0.619134813,494.00167,494.00167,174.5206105,0.00105103,0.003768036,2.91827E-05,0.005101571,0.619134813,180.5897022,179.6307993,1712297.962
0.006808788,0.000516862,0.00045435,0.149802362,521.6461028,521.6461028,84.1086256,0.000534698,0.003653907,3.33009E-06,0.005757884,0.149802362,122.7207103,116.0067742,2333816.387
0.006065054,0.000793483,0.000921463,0.587008204,344.9163842,344.9163842,209.5788754,0.005086391,0.001282814,3.61404E-05,0.003544474,0.587008204,212.0907268,210.5433862,2101429.864
0.00608307,0.000999993,0.000696937,0.69177621,355.9883416,355.9883416,181.8117163,0.005333187,0.001374935,1.51371E-05,0.003226561,0.69177621,183.6396111,183.0893033,2271029.788
0.006892321,9.48373E-05,0.000792842,0.356195777,282.8306377,282.8306377,40.90152532,0.006829355,0.00012632,5.03921E-06,0.002989105,0.356195777,44.85545233,44.82440817,2420509.069
0.006584548,0.000173013,0.001022439,0.356643784,238.1985377,238.1985377,78.14647658,0.006563783,0.000183395,4.71923E-06,0.003197922,0.356643784,80.75628585,80.67976017,2487627.027
0.006451742,0.000433996,0.000894263,0.622911283,332.9976166,332.9976166,207.7174659,0.005869803,0.000724965,7.52745E-05,0.003279777,0.622911283,209.8024282,208.3066656,1446791.323
0.007296547,0.000260292,0.000223161,0.21391332,367.811373,367.811373,42.97837874,0.006215734,0.000800699,7.96831E-06,0.002925418,0.21391332,54.0667895,53.29250948,2212418.643
0.006855842,0.000116903,0.000807255,0.853994952,460.088466,460.088466,183.3741664,0.000979445,0.003055101,4.39809E-06,0.005910876,0.853994952,187.0328083,186.7035492,2347576.739
0.006196337,0.000805657,0.000778007,0.122185759,692.1748188,692.1748188,41.156526,0.000419865,0.003693893,4.92437E-06,0.005831138,0.122185759,112.2856541,95.70940589,2272969.786
0.006615254,0.000396128,0.000768618,0.460368821,201.2208223,201.2208223,178.8491937,0.006539242,0.000434134,1.54643E-05,0.002960979,0.460368821,178.8799468,178.284443,2136632.163
0.006346449,0.000814008,0.000619543,0.037297267,548.711328,548.711328,156.9461645,0.000397574,0.003788446,0.000192852,0.005570948,0.037297267,439.6401442,238.989868,1326717.971
0.007291593,0.00033738,0.000151028,0.281175506,648.480079,648.480079,179.9153151,0.000722833,0.003621759,4.51909E-05,0.005560036,0.281175506,200.3462163,196.7807003,1557700.08
0.006757426,0.000753774,0.0002688,0.289599841,628.4229844,628.4229844,212.7803587,0.000514131,0.003875422,3.87939E-05,0.005521473,0.289599841,231.9764567,227.6692151,1748488.54
0.006226149,0.001090727,0.000463125,0.853490585,247.6263547,247.6263547,56.58854414,0.006213064,0.001097269,5.66327E-06,0.002633824,0.853490585,57.98420157,57.96176511,2193469.731
0.00596267,0.000975995,0.000841334,0.186615035,674.0403526,674.0403526,24.22424137,0.000890506,0.003512077,3.38764E-05,0.00551336,0.186615035,61.37065818,56.65913489,1591479.094
0.006997222,0.000399498,0.00038328,0.440413403,411.7094034,411.7094034,192.4382107,0.003355896,0.002220161,9.70528E-05,0.00427671,0.440413403,198.6052605,196.314235,1389838.067
0.00701237,0.000570866,0.000196763,0.400213296,633.4877109,633.4877109,117.8800947,0.000780642,0.003686731,1.3483E-06,0.005481099,0.400213296,131.8388311,131.4553919,2666044.241
0.006069474,0.000500052,0.001210475,0.738765321,627.9753379,627.9753379,42.473481,0.001269429,0.002900074,2.77532E-05,0.005752564,0.738765321,49.60001092,49.23099687,1581528.82
0.007150082,0.000345933,0.000283984,0.015742019,367.9767934,367.9767934,38.42089813,0.000166714,0.003837617,2.68278E-05,0.005918661,0.015742019,493.3262246,175.4058034,2665577.877
0.006164805,0.000451124,0.001164071,0.709665953,508.7346882,508.7346882,43.81455521,0.001226275,0.002920389,3.81038E-06,0.005799345,0.709665953,49.93964348,49.86788816,2149833.449
0.006948386,0.000156773,0.000674842,0.48671576,627.7701175,627.7701175,54.74518576,0.001161646,0.003050142,2.36094E-05,0.005714422,0.48671576,66.0153395,65.48840539,1638194.545
0.00687099,0.000564345,0.000344665,0.040938335,197.5557846,197.5557846,221.1637635,0.00664902,0.00067533,3.67468E-05,0.002588723,0.040938335,214.1881341,208.3132186,2011413.114
0.006693184,0.000512574,0.000574242,0.462470262,226.02833,226.02833,79.15985192,0.006681731,0.000518301,5.19685E-06,0.002744591,0.462470262,81.08176723,81.00801423,2291938.865
0.006748246,0.00011716,0.000914594,0.401067078,378.9743579,378.9743579,143.9080942,0.005655373,0.000663597,3.75665E-05,0.003593284,0.401067078,147.9001747,147.1121529,1651077.45
0.006544147,0.0008421,0.000393753,0.442233523,262.9387684,262.9387684,196.2795326,0.006359788,0.00093428,4.06354E-05,0.002615117,0.442233523,197.1988074,196.2735001,1440647.974
0.007348712,0.000178075,0.000253213,0.59390394,204.2394168,204.2394168,70.63367679,0.007344493,0.000180185,4.29384E-06,0.002420848,0.59390394,71.95486387,71.9231952,2062866.61
0.006826476,0.000266259,0.000687265,0.454838162,585.7973508,585.7973508,170.4147836,0.000963464,0.003197765,3.00513E-05,0.00575854,0.454838162,180.3820159,179.0534754,1594355.181
0.006545183,0.000892222,0.000342595,0.667676318,353.7449889,353.7449889,102.9035579,0.006225476,0.001052075,1.51882E-05,0.00265708,0.667676318,105.2505065,105.0507096,1724906.657
0.006601491,0.000730727,0.000447782,0.849465241,603.7629281,603.7629281,84.2477268,0.001102443,0.003480251,1.23829E-06,0.005365888,0.849465241,90.44602204,90.28051172,2657328.383
0.006361824,9.79105E-05,0.001320266,0.7193946,275.3957156,275.3957156,155.2383446,0.006280827,0.000138409,3.08686E-05,0.003499715,0.7193946,156.1379103,155.6783396,1721583.494
0.006957282,0.000399629,0.000423089,0.393959398,531.6700436,531.6700436,101.0490426,0.000883127,0.003436706,1.14626E-06,0.00562884,0.393959398,112.9377025,112.5876514,2618875.017
0.006442897,0.000408726,0.000928377,0.081290559,633.4062452,633.4062452,44.68465824,0.000329426,0.003465461,1.89724E-05,0.00613596,0.081290559,160.4761676,116.4614434,1861933.361
0.007055987,0.000225426,0.000498588,0.840211897,572.9992909,572.9992909,222.4106184,0.000955092,0.003275873,9.75961E-05,0.005621259,0.840211897,228.8532823,226.3026279,1297881.628
0.007442196,0.000216519,0.000121285,0.340544888,303.9591144,303.9591144,127.2003837,0.007274437,0.000300399,7.7446E-06,0.00236724,0.340544888,129.945822,129.5996999,1720410.151
0.006802544,0.000569324,0.000408131,0.683032507,369.9112458,369.9112458,125.0319466,0.006317074,0.000812059,2.99658E-05,0.00279072,0.683032507,127.2459151,126.9727565,1502059.72
0.006972248,0.00053389,0.000273862,0.723416032,372.063688,372.063688,87.23077587,0.006348029,0.000846,2.58483E-06,0.002753206,0.723416032,89.93655952,89.90710812,2685886.478
0.005662232,0.000967369,0.0011504,0.723814609,323.2459868,323.2459868,60.80566118,0.005550978,0.001022996,1.7157E-05,0.003358689,0.723814609,63.13345407,63.0315008,1923692.213
0.006573294,0.000649938,0.000556768,0.536218265,358.8744088,358.8744088,198.4893918,0.005453194,0.001209988,2.96557E-05,0.003256982,0.536218265,201.1294609,199.9754863,2050688.215
0.00619665,0.000934856,0.000648495,0.292495035,231.1999309,231.1999309,75.40855653,0.00618366,0.000941351,2.08037E-05,0.002804006,0.292495035,79.19649403,78.11050461,1656781.967
0.006814344,0.000593303,0.000372353,0.673515644,417.1454225,417.1454225,131.4261302,0.003891323,0.002054813,5.34518E-06,0.003998338,0.673515644,135.1067852,134.8337243,2528229.393
0.006761291,8.37585E-05,0.00093495,0.428829845,418.7286541,418.7286541,134.0706503,0.004045516,0.001441646,7.04446E-05,0.004392213,0.428829845,139.8193145,138.6487546,1430613.337
0.007429614,0.00010671,0.000243676,0.464036392,201.65811,201.65811,219.2497048,0.0070711,0.000285967,3.94242E-05,0.002553329,0.464036392,220.2562322,218.1014381,2441877.468
0.006532566,0.00026174,0.000985693,0.432090377,511.7719551,511.7719551,75.76169511,0.001114828,0.002970609,8.88819E-06,0.005855494,0.432090377,85.63431483,85.20987305,1890797.421
0.006578865,0.000561275,0.00063986,0.381620916,217.1739814,217.1739814,74.96371492,0.006568661,0.000566377,3.13629E-06,0.002811646,0.381620916,77.15980226,77.11285509,2583067.843
0.005955894,0.000808564,0.001015543,0.158424062,273.1400182,273.1400182,84.12138676,0.005863932,0.000854545,1.29083E-05,0.003218435,0.158424062,95.60774069,90.417362,2030642.129
0.006904494,0.000243423,0.000632083,0.252508133,536.0366686,536.0366686,135.2770157,0.000603347,0.003393997,1.66667E-06,0.00595081,0.252508133,153.6879672,152.6483305,2512296.112
0.006232137,0.000419402,0.001128461,0.789905345,469.6793294,469.6793294,98.2284544,0.001389494,0.002840724,1.48628E-05,0.005704739,0.789905345,102.7049075,102.3750207,1786279.219
0.006607798,0.000736211,0.000435991,0.786471192,189.9282752,189.9282752,70.83650264,0.006605809,0.000737205,1.01193E-05,0.002596686,0.786471192,71.80864482,71.71527134,1852938.885
0.006780974,0.000431556,0.000567471,0.440633135,333.7734278,333.7734278,159.8676506,0.006317373,0.000663356,1.2431E-05,0.00295666,0.440633135,162.2099639,161.7287115,2126210.219
0.006654404,0.000416636,0.00070896,0.545657405,378.921898,378.921898,74.04872891,0.005849933,0.000818872,4.21883E-06,0.003276796,0.545657405,77.87622142,77.8297911,2570527.228
0.006339769,0.000270054,0.001170176,0.645921402,261.561447,261.561447,218.8834323,0.005968767,0.000455555,8.85491E-05,0.003436948,0.645921402,220.538601,218.5331288,1469286.583
0.0069977,0.000541286,0.000241014,0.126029748,224.8621439,224.8621439,122.9237462,0.006968866,0.000555703,1.8403E-05,0.002406847,0.126029748,127.5865689,125.2823657,1340690.089
0.006403382,0.001231925,0.000144693,0.524752348,421.8288669,421.8288669,108.4847009,0.003933242,0.002466995,2.36999E-05,0.003525883,0.524752348,113.6079453,113.1000045,1849708.887
0.006170978,0.001078024,0.000530998,0.1755081,375.7511335,375.7511335,137.4477904,0.002788669,0.002769178,1.76461E-05,0.004374326,0.1755081,153.7262548,148.9057676,2123092.535
0.006464773,0.000540229,0.000774998,0.057013313,607.3743344,607.3743344,146.8070053,0.000107363,0.003718934,2.3247E-05,0.006100276,0.057013313,339.97282,230.8920213,2576620.517
0.006053946,0.000741755,0.000984299,0.057520865,460.9931846,460.9931846,186.9265547,0.000195152,0.003671152,7.48332E-05,0.006008683,0.057520865,326.7252625,235.2210553,1695362.086
0.006908544,0.000409438,0.000462018,0.845880126,603.7832023,603.7832023,202.1900497,0.000882423,0.003422499,1.29382E-05,0.00563196,0.845880126,207.5705388,206.8347451,2053696.692
0.006053236,0.001076844,0.000649921,0.468170742,421.6442216,421.6442216,53.0915129,0.003473072,0.002366926,6.21512E-06,0.004103607,0.468170742,59.7166421,59.60965912,2388441.162
0.006301418,0.000664371,0.000814212,0.135112913,194.0072453,194.0072453,38.44624703,0.006297076,0.000666541,1.99371E-05,0.002966265,0.135112913,47.78708577,44.91185496,1750440.687
0.006977284,0.00032997,0.000472746,0.58193658,189.3914346,189.3914346,84.77189214,0.006974979,0.000331122,2.62352E-05,0.002617483,0.58193658,85.68485793,85.48218976,1420788.333
0.007285109,0.000257686,0.000237205,0.525408105,271.6256598,271.6256598,145.6309152,0.007206574,0.000296953,7.78816E-06,0.002438504,0.525408105,146.6995843,146.5093457,1906112.444
0.006498892,0.000709692,0.000571416,0.281107271,373.4788078,373.4788078,98.34204259,0.005708067,0.001105104,5.87107E-05,0.003077937,0.281107271,105.1029353,104.0189224,1323780.092
0.007242796,0.000416219,0.000120986,0.604933013,553.137343,553.137343,211.4485209,0.000692435,0.003691399,1.26819E-05,0.005553304,0.604933013,218.6021965,217.5492799,2236336.132
0.006876413,0.000144866,0.000758721,0.357356619,268.1560548,268.1560548,31.79323952,0.006849843,0.000158151,3.64949E-05,0.002905331,0.357356619,35.77383865,35.55605462,1447220.294
0.007250223,0.00029495,0.000234827,0.197571991,329.0234501,329.0234501,225.6121914,0.005596096,0.001122014,0.000114716,0.003116994,0.197571991,234.7488295,227.6822704,1559948.413
0.00735362,0.000131551,0.00029483,0.216746293,515.7686083,515.7686083,157.9602772,0.000592492,0.003512114,9.05898E-06,0.005836154,0.216746293,179.2543668,176.4710673,2032246.222
0.006387817,0.000773584,0.0006186,0.347744397,333.3241161,333.3241161,147.6574692,0.005913394,0.001010795,1.06708E-05,0.00301496,0.347744397,151.0136469,150.3836973,2167810.484
0.00596935,0.000995392,0.000815258,0.030160794,351.0347553,351.0347553,50.59017239,0.000205794,0.00387717,7.63853E-05,0.00579047,0.030160794,306.3598724,130.2162937,1808237.247
0.006283223,0.000993609,0.000503168,0.312057034,266.1125654,266.1125654,25.99785931,0.006248823,0.001010809,6.44778E-06,0.00268374,0.312057034,30.71032762,30.64990657,2141757.343
0.00669548,0.000359754,0.000724766,0.496842293,384.5582017,384.5582017,138.4154866,0.005209686,0.001102651,6.43563E-06,0.003631047,0.496842293,142.0603642,141.6484719,2477295.451
0.005926574,0.000951052,0.000902374,0.502600451,643.6738984,643.6738984,26.20168608,0.001087892,0.003370393,3.48216E-06,0.005488053,0.502600451,37.84267146,37.77207119,2277134.827
0.0061368,0.000768463,0.000874737,0.060142612,639.6111026,639.6111026,167.180803,0.000198848,0.003737439,7.09938E-05,0.005942539,0.060142612,356.8757565,242.373007,1832940.529
0.007073993,0.000110148,0.000595858,0.523749953,387.5927971,387.5927971,64.27383149,0.006203243,0.000545523,1.13048E-05,0.003189748,0.523749953,68.45996174,68.36285926,2093817.686
0.006714479,0.000418112,0.000647408,0.428277181,531.3334485,531.3334485,72.78542507,0.001152281,0.003199211,2.56363E-05,0.005572691,0.428277181,83.47701136,82.7997439,1640073.582
0.006785866,0.000649408,0.000344726,0.595745021,315.4792392,315.4792392,218.2849628,0.005995948,0.001044367,4.11209E-05,0.002868384,0.595745021,220.6753655,218.7624639,2306039.92
0.006067866,0.000799156,0.000912978,0.707489963,671.3437313,671.3437313,57.6240619,0.001208519,0.00322883,1.73368E-05,0.005495135,0.707489963,65.67583781,65.33791895,1772539.226
0.006808034,0.000539851,0.000432115,0.171033128,505.4379084,505.4379084,185.1607458,0.000607219,0.003640258,8.10675E-05,0.005621275,0.171033128,215.4425318,204.8107695,1392235.002
0.006614521,0.000996104,0.000169374,0.865358087,292.3934501,292.3934501,28.28282223,0.006576276,0.001015227,6.49134E-06,0.002351826,0.865358087,30.19133897,30.17996928,1714535.97
0.007082579,0.000255667,0.000441754,0.481559858,242.7741322,242.7741322,83.94961486,0.007066402,0.000263755,1.38526E-05,0.00260581,0.481559858,86.00613114,85.59161835,1710671.865
0.006389383,0.00102599,0.000364628,0.823066615,475.4333013,475.4333013,220.0430739,0.001009138,0.003716112,0.000105618,0.005118952,0.823066615,225.4483018,223.0535923,1314188.363
0.006646002,0.001026648,0.00010735,0.581101096,326.7600321,326.7600321,75.22692227,0.006503456,0.001097921,8.713E-06,0.00233973,0.581101096,77.92675442,77.73074651,1533512.309
0.006878827,0.000562699,0.000338474,0.138130932,223.1442826,223.1442826,45.20996004,0.006860207,0.000572009,2.4392E-06,0.002515165,0.138130932,53.49272991,52.49540139,2498846.455
0.005921033,0.000789098,0.001069868,0.046973281,267.6591431,267.6591431,145.6360979,0.00540075,0.00104924,2.21831E-05,0.003477647,0.046973281,180.2647132,153.167289,2207518.785
0.006615966,0.000396103,0.000767931,0.01355555,212.1053511,212.1053511,153.4911523,0.006377964,0.000515104,2.24919E-05,0.00303426,0.01355555,195.9252003,143.4398964,2489640.394
0.006577698,0.000177424,0.001024878,0.176734361,534.1007115,534.1007115,200.8747345,0.000392791,0.003269878,3.22929E-05,0.006254858,0.176734361,228.6105792,220.6668603,1666826.512
0.006861319,0.000582404,0.000336277,0.474945779,585.5454643,585.5454643,205.6125437,0.000553824,0.003736151,7.69441E-06,0.00565215,0.474945779,215.2429273,214.2654598,2546381.982
0.00572796,0.00098713,0.00106491,0.132913272,598.6062501,598.6062501,30.99977792,0.000782138,0.003460041,3.38907E-05,0.00567375,0.132913272,80.88266005,70.65214349,1578961.908
0.006525793,0.000939165,0.000315042,0.065829595,322.0273325,322.0273325,177.1053089,0.000166763,0.00411868,4.16275E-05,0.005622749,0.065829595,286.411434,203.658304,2639553.101
0.00583642,0.000963972,0.000979608,0.499359594,643.7586925,643.7586925,197.6642851,0.000785056,0.003489654,1.87781E-05,0.005656331,0.499359594,207.253921,205.9955291,1869001.709
0.006649484,0.000513976,0.00061654,0.883154639,496.9229049,496.9229049,119.6444423,0.001260981,0.003208228,3.03846E-05,0.005450227,0.883154639,124.1141271,123.581406,1611162.752
0.00700995,0.00046594,0.000304109,0.146583385,194.1944277,194.1944277,35.53371001,0.007004253,0.000468789,2.46051E-06,0.002474317,0.146583385,41.92557959,41.47260933,2439248.077
0.00662202,0.000231089,0.000926891,0.140946782,362.3046619,362.3046619,38.76568587,0.005532848,0.000775675,2.61116E-05,0.003615185,0.140946782,62.1823978,53.6339527,1795384.632
0.006942691,0.00040528,0.000432029,0.147311923,459.019015,459.019015,61.41464442,0.00074052,0.003506366,8.6993E-06,0.005694235,0.147311923,96.59425864,90.22696702,1992788.389
0.006545319,0.000644215,0.000590466,0.070649865,507.0089143,507.0089143,180.9886018,0.000116052,0.003858849,2.70413E-05,0.005947878,0.070649865,298.729289,232.996353,2335308.817
0.006047799,0.000747453,0.000984749,0.646563477,414.6860233,414.6860233,104.2457783,0.004022977,0.001759863,5.16706E-06,0.004161812,0.646563477,108.3079696,107.8416959,2458463.833
0.006483814,0.000264746,0.00103144,0.4016443,600.5138784,600.5138784,191.0735642,0.000744092,0.003134606,1.45723E-05,0.006056549,0.4016443,202.0959278,200.8055307,1842283.024
0.006916198,0.000248835,0.000614966,0.459112227,260.7122746,260.7122746,50.60717412,0.006896157,0.000258856,3.25826E-05,0.002762224,0.459112227,54.63939519,53.15554444,1425192.409
0.007069529,0.000523328,0.000187143,0.544633188,684.0129813,684.0129813,171.6034196,0.000961024,0.003577581,3.07576E-05,0.005380458,0.544633188,181.8671499,180.7186421,1658278.535
0.00626591,0.001102697,0.000411393,0.794765468,612.0676336,612.0676336,51.00510762,0.001153776,0.003658764,3.18579E-06,0.005134094,0.794765468,57.96637589,57.89022177,2403357.094
0.006628231,0.00026375,0.000888019,0.109732774,360.3015921,360.3015921,193.4293166,0.000132779,0.003511476,8.42411E-06,0.006297141,0.109732774,232.7287923,215.7479186,2604169.612
0.006162827,0.00058549,0.001031683,0.261236829,501.1319236,501.1319236,132.8091533,0.000787852,0.003272978,5.25591E-06,0.005883734,0.261236829,148.1460192,147.0210363,2087307.725
0.006776452,0.000236969,0.00076658,0.05611722,341.765646,341.765646,218.8176288,9.3411E-05,0.003578489,1.91727E-05,0.006258747,0.05611722,330.4192007,253.3052516,2604414.391
0.005900198,0.000904444,0.000975358,0.129188352,232.3515714,232.3515714,35.61619501,0.005878998,0.000915044,9.83762E-06,0.00314594,0.129188352,46.47085989,44.4263324,2129399.195
0.006318669,0.000812811,0.00064852,0.061178143,452.8281605,452.8281605,213.1634371,0.000100772,0.00392176,1.9997E-05,0.005907292,0.061178143,336.0227843,259.7472508,2673125.544
0.006217141,0.000586161,0.000976698,0.166586115,607.7486818,607.7486818,94.34687153,0.000500626,0.003444418,2.42509E-06,0.006002351,0.166586115,130.6713676,126.2736198,2359299.511
0.006335069,0.00051446,0.000930471,0.691811937,576.4525774,576.4525774,33.84455233,0.001283497,0.003040246,3.3678E-05,0.005592399,0.691811937,41.15936404,40.73352147,1551702.407
0.006798024,0.000673635,0.000308341,0.807910429,670.146047,670.146047,219.8033439,0.000742197,0.003701548,2.14163E-05,0.005484658,0.807910429,226.5357155,225.2906969,2012634.564
0.006128559,0.001023342,0.000628099,0.466449373,356.9591093,356.9591093,154.3393335,0.005403482,0.00138588,1.15587E-05,0.003148899,0.466449373,157.2239588,156.7577337,2185617.856
0.006161798,0.000936068,0.000682134,0.760170301,385.616575,385.616575,107.0045896,0.005317748,0.001358093,4.8743E-06,0.003269104,0.760170301,110.1618089,109.5049323,2510037.754
0.006373795,0.00053058,0.000875625,0.205888631,263.5605687,263.5605687,143.3737644,0.006258307,0.000588324,1.1317E-05,0.003091872,0.205888631,146.8386123,145.4371344,2130307.604
0.006527849,0.000591188,0.000660962,0.38554146,357.0392545,357.0392545,91.79524334,0.00586621,0.000922008,3.12168E-06,0.00315848,0.38554146,96.63208715,96.43838003,2693808.894
0.005991862,0.000854874,0.000933265,0.331468346,469.2262025,469.2262025,65.01606695,0.001177725,0.003261942,4.8156E-05,0.005461997,0.331468346,77.21371986,76.05259721,1469638.233
0.006922487,0.000655286,0.000202228,0.626446082,467.4999119,467.4999119,27.82747218,0.001640166,0.003296446,2.90079E-05,0.0049842,0.626446082,34.90190111,34.4828812,1703074.893
0.006347447,0.001001374,0.000431179,0.84994317,268.6647329,268.6647329,51.73605059,0.006324659,0.001012768,8.4592E-06,0.002603933,0.84994317,53.33539429,53.30663863,1960450.945
0.006549943,0.000703608,0.000526449,0.196105447,246.5656295,246.5656295,97.23411594,0.006518414,0.000719373,2.66488E-05,0.002685384,0.196105447,101.9144254,100.527276,1466960.822
0.00703965,0.000539812,0.000200538,0.677705887,390.1107213,390.1107213,201.3691873,0.005393854,0.00136271,5.42131E-05,0.003139043,0.677705887,204.1245506,202.9678149,1601892.803
0.007145295,0.000312864,0.000321841,0.467859452,610.8553324,610.8553324,111.2515283,0.00110625,0.003332386,3.77044E-05,0.005473479,0.467859452,122.3196537,121.3607857,1541330.255
0.006856041,0.000672156,0.000251803,0.684069465,281.2006147,281.2006147,151.9226839,0.006751733,0.00072431,5.55298E-06,0.002468224,0.684069465,152.8463485,152.6792383,2230315.667
0.006514739,0.000323793,0.000941468,0.792783744,442.2507363,442.2507363,100.2178121,0.003813325,0.0016745,2.92482E-05,0.004432747,0.792783744,103.7813086,103.3674525,1746904.254
0.007045093,0.000296696,0.000438211,0.21373798,251.2703847,251.2703847,193.1739988,0.006780417,0.000429034,1.79067E-05,0.002722462,0.21373798,194.9365662,193.0660958,2396227.393
0.005915029,0.00096957,0.0008954,0.845724869,627.8105111,627.8105111,178.5127282,0.000997001,0.003428584,9.53694E-06,0.005514697,0.845724869,183.8364147,183.3903781,2055291.899
0.006898236,0.000213348,0.000668416,0.02444654,577.839301,577.839301,45.97710595,0.000347333,0.003488799,0.000111167,0.00600252,0.02444654,528.6767524,200.3788742,1601528.763
0.006777014,0.000705745,0.000297241,0.505367208,474.6703031,474.6703031,39.16695654,0.001161394,0.003513555,4.53181E-06,0.005270339,0.505367208,48.07320889,47.92601348,2255887.795
0.006385355,0.000560028,0.000834616,0.801408153,385.5303797,385.5303797,156.5868367,0.005682365,0.000911524,6.51689E-05,0.003290763,0.801408153,158.628773,158.0408841,1351383.317
0.006939542,0.000714568,0.000125891,0.150300379,436.8202083,436.8202083,98.12111901,0.000668041,0.003850318,9.02596E-06,0.005422435,0.150300379,130.6694462,123.4078771,2091458.181
0.00612087,0.000923707,0.000735423,0.382724243,639.1710889,639.1710889,42.29684704,0.000906017,0.003531133,9.89115E-07,0.005511681,0.382724243,58.10443267,57.90767385,2686107.948
0.006296943,0.000385939,0.001097118,0.294213231,648.4246236,648.4246236,149.0352978,0.000782262,0.00314328,1.30887E-05,0.00601119,0.294213231,166.422662,165.0299809,1797729.006
0.007160617,0.000129111,0.000490272,0.51083619,441.0283672,441.0283672,148.5780774,0.001039267,0.003189786,6.66616E-06,0.005714101,0.51083619,155.0416681,154.6138049,2074260.401
0.006297581,0.000874681,0.000607738,0.74429017,456.7557446,456.7557446,208.570135,0.000763428,0.003641757,7.96738E-06,0.005536667,0.74429017,212.8909979,212.176797,2590958.231
0.006201805,0.00048322,0.001094975,0.352519449,650.7973668,650.7973668,145.3783544,0.000914028,0.003127108,2.19822E-05,0.005886701,0.352519449,159.7351738,158.4521251,1652455.396
0.006531193,0.000859984,0.000388823,0.5592195,481.935208,481.935208,120.3937315,0.001034413,0.003608374,2.60281E-06,0.00530443,0.5592195,127.273158,127.0522747,2458722.027
0.006132171,0.000851764,0.000796065,0.868637096,582.5004029,582.5004029,139.2988735,0.001213109,0.003311295,3.97562E-05,0.005385659,0.868637096,144.5349597,143.816239,1533214.13
0.007113373,0.00038903,0.000277596,0.745625284,524.1612616,524.1612616,223.1476255,0.00060447,0.003643482,1.2089E-05,0.005689779,0.745625284,228.7296542,227.6155729,2524164.025
0.005602758,0.001152225,0.001025017,0.732063904,426.3751919,426.3751919,127.2658502,0.003785194,0.002061007,3.58901E-05,0.004067729,0.732063904,130.5582661,130.0508378,1679732.051
0.006493712,0.000927002,0.000359286,0.859585541,298.9314861,298.9314861,92.12895182,0.006411649,0.000968034,2.80927E-06,0.002567328,0.859585541,93.68236833,93.64752388,2483158.012
0.005851343,0.0009329,0.000995757,0.164815927,494.1707667,494.1707667,223.307552,0.000148578,0.003784282,1.46854E-05,0.006002274,0.164815927,251.4158174,242.4871842,2420334.633
0.006269184,0.000684813,0.000826003,0.603388779,280.8220884,280.8220884,225.197327,0.005753023,0.000942893,8.51468E-05,0.003168757,0.603388779,227.3251202,225.0312876,1546910.655
0.00689847,0.000619228,0.000262302,0.662039491,287.5799549,287.5799549,205.3701653,0.006471696,0.000832615,2.21781E-05,0.002623331,0.662039491,206.7407145,205.6187299,2659835.147
0.006155587,0.000493443,0.00113097,0.737598042,626.4659947,626.4659947,173.3958939,0.001064635,0.003038919,2.39188E-05,0.005822347,0.737598042,179.5601159,178.7591828,1644430.459
0.006323185,0.001068166,0.000388649,0.612919397,250.9311187,250.9311187,157.5007725,0.006254768,0.001102374,5.84574E-06,0.002586832,0.612919397,158.1815906,157.9590395,2380155.191
0.006333367,0.000635945,0.000810688,0.297059609,516.0959304,516.0959304,171.6960738,0.000595726,0.003504765,3.73207E-06,0.005845596,0.297059609,185.1551781,184.1541879,2427519.067
0.005960041,0.000894697,0.000925262,0.031232641,409.8822873,409.8822873,110.1692897,0.000177757,0.003785839,5.31662E-05,0.005933058,0.031232641,372.9892078,191.1019197,1983199.992
0.006012796,0.001149321,0.000617883,0.108178872,499.2785844,499.2785844,102.6639152,0.00030485,0.004003294,3.9125E-06,0.005637764,0.108178872,162.7167835,142.8492574,2573160.769
0.00580512,0.000919286,0.001055594,0.255349306,562.9660315,562.9660315,65.07079721,0.001062089,0.003290802,5.27803E-05,0.005544149,0.255349306,84.45729288,82.50502965,1428545.779
0.006413579,0.001151618,0.000214803,0.754413995,341.5225181,341.5225181,202.3651644,0.005867737,0.001424539,4.40622E-05,0.002613481,0.754413995,203.9254083,203.1018209,1469365.872
0.006924056,0.000623839,0.000232106,0.811218384,208.7635338,208.7635338,214.86711,0.006617267,0.000777233,3.1791E-05,0.002523529,0.811218384,215.6533357,214.3012036,2490492.143
0.005895439,0.00095004,0.000934521,0.404958002,612.9588406,612.9588406,216.2913128,0.000793244,0.003501137,9.99504E-05,0.005555488,0.404958002,229.2749672,225.1484848,1307935.024
0.007237417,0.000443919,9.86639E-05,0.889682824,375.1971716,375.1971716,42.01769983,0.006791093,0.000667081,3.52294E-06,0.002488123,0.889682824,44.46591534,44.45613984,2312556.39
0.006603787,0.000302379,0.000873834,0.030419571,524.1330463,524.1330463,31.99219597,0.000132788,0.003537879,2.78478E-05,0.006251306,0.030419571,402.7735975,171.4404564,2432131.281
0.006225935,0.000604776,0.000949288,0.773506783,643.6671582,643.6671582,53.86630028,0.001284608,0.00307544,4.77404E-05,0.005542032,0.773506783,60.89359265,60.42705573,1452793.717
0.00736346,0.000147277,0.000269263,0.475705872,326.6405236,326.6405236,129.1079805,0.007093775,0.00028212,8.41652E-06,0.002565508,0.475705872,131.445109,131.1839611,1972921.954
0.006138957,0.001011182,0.000629861,0.877913001,695.7782233,695.7782233,34.42739288,0.001253627,0.003453847,1.99004E-05,0.005222445,0.877913001,41.98402237,41.28827782,1778876.946
0.006931663,0.000377404,0.000470934,0.789500588,612.3702245,612.3702245,22.09864841,0.001187595,0.003249438,2.64931E-06,0.005510138,0.789500588,29.29337197,29.27450702,2378710.326
0.006120525,0.00077957,0.000879905,0.145209961,590.4352806,590.4352806,38.96401318,0.000773849,0.003452908,2.31691E-05,0.005699894,0.145209961,83.0791944,75.27456628,1687355.144
0.006613848,0.000825742,0.00034041,0.31804421,521.7224812,521.7224812,145.6479331,0.000728161,0.003768585,3.15066E-06,0.005449923,0.31804421,159.2522635,158.4261235,2446150.891
0.005884798,0.000865687,0.001029514,0.052215553,464.1232398,464.1232398,31.60128485,0.000372738,0.003621718,6.31599E-05,0.005892205,0.052215553,196.6833328,106.3547629,1525898.956
0.006692724,0.000812285,0.000274991,0.399709991,384.0574781,384.0574781,156.1280739,0.00456662,0.001875337,8.17149E-06,0.003499691,0.399709991,160.9268854,160.2417481,2499914.472
0.00647163,0.000324789,0.000983581,0.396989819,606.1883646,606.1883646,139.1083451,0.000747976,0.003186616,1.14907E-06,0.006014079,0.396989819,151.1864176,150.9237292,2590478.862
0.006019529,0.000624842,0.001135629,0.294037213,490.4706021,490.4706021,35.27284431,0.00114632,0.003061447,3.12322E-05,0.005710821,0.294037213,50.3774971,49.22005228,1558303.777
0.006449697,0.001055387,0.000274916,0.822959339,585.4870736,585.4870736,69.96859901,0.001292743,0.003633864,7.66037E-05,0.004946609,0.822959339,76.26594579,75.65784537,1357403.116
0.007315317,0.000334386,0.000130297,0.44510574,690.5640237,690.5640237,92.64469304,0.000974158,0.003504966,7.48632E-06,0.00546321,0.44510574,106.4498506,105.9796226,2059067.98
0.006672402,0.000345092,0.000762505,0.63921656,588.8594382,588.8594382,46.21589512,0.001293783,0.003034402,7.83025E-05,0.005543333,0.63921656,54.23469804,53.61838675,1302074.397
0.007205992,0.000464642,0.000109366,0.598180575,621.8396522,621.8396522,172.946677,0.000819434,0.003657921,4.11172E-06,0.005468353,0.598180575,181.1429653,180.772384,2451786.007
0.005804012,0.000958278,0.00101771,0.748604958,434.5125429,434.5125429,112.1888716,0.002490774,0.002614897,2.85101E-06,0.004841298,0.748604958,116.0389398,115.8484056,2566225.716
0.006400627,0.000401838,0.000977535,0.23223923,632.465597,632.465597,23.64296286,0.000813445,0.003195429,2.2834E-06,0.005938663,0.23223923,51.61542228,49.52978904,2281092.643
0.006040607,0.000808437,0.000930956,0.692319603,357.1120124,357.1120124,161.0113576,0.005567526,0.001044977,3.65204E-05,0.003300796,0.692319603,162.8797201,162.3546768,1626444.724
0.007063794,0.000320851,0.000395355,0.369516476,291.5615572,291.5615572,202.2003235,0.006617908,0.000543794,2.81592E-05,0.002759958,0.369516476,204.144567,202.6866164,2112170.783
0.006973546,0.000156349,0.000650105,0.050100512,438.9721046,438.9721046,48.92197836,0.000102123,0.003592061,9.53974E-06,0.006246097,0.050100512,226.2667514,133.2817902,2606035.738
0.006432487,0.00036854,0.000978973,0.783585465,202.7665694,202.7665694,187.7251053,0.006314603,0.000427482,1.3058E-05,0.003194677,0.783585465,187.892307,187.3198469,2545440.081
0.006326008,0.000346312,0.00110768,0.875070558,608.9129515,608.9129515,72.3040233,0.001195746,0.002911443,3.7498E-06,0.005838881,0.875070558,77.96199658,77.80435438,2143230.01
0.006191154,0.000939561,0.000649284,0.105287406,321.6212932,321.6212932,25.04417204,0.005716609,0.001176834,5.76208E-06,0.003050615,0.105287406,49.96127508,42.7121496,2401903.702
0.005747904,0.001094475,0.000937621,0.457486625,532.3746595,532.3746595,129.7801729,0.000923806,0.003506524,2.20399E-06,0.005517286,0.457486625,138.6754444,138.3937274,2463847.312
0.006711482,0.000109195,0.000959323,0.680011958,591.7208113,591.7208113,213.3746893,0.000720981,0.003104446,1.25736E-05,0.00611182,0.680011958,219.7595656,218.7211471,2075953.691
0.00653965,0.000636201,0.00060415,0.09899689,534.590371,534.590371,179.135601,0.000398849,0.003706601,0.000147265,0.005697105,0.09899689,255.5801289,215.0047743,1278874.561
0.007575132,0.000126008,7.8859E-05,0.030486843,518.7372111,518.7372111,103.7230158,0.000317354,0.003754898,0.000111175,0.005766393,0.030486843,465.3079048,214.9338509,1630707.821
0.006809464,0.00058814,0.000382396,0.396993497,307.8942815,307.8942815,168.4791899,0.006528743,0.000728501,1.59349E-05,0.002676641,0.396993497,170.3872216,169.8440253,1891176.381
0.006585083,0.000646302,0.000548615,0.116813909,430.3257744,430.3257744,119.5615847,0.000528745,0.003674471,1.63163E-05,0.005730287,0.116813909,163.2455351,149.0306875,1891396.974
0.006382312,0.000901346,0.000496342,0.874442491,664.4238253,664.4238253,111.2572127,0.001067083,0.00355896,2.07249E-06,0.005321704,0.874442491,117.4752595,117.3619638,2518980.69
0.006211851,0.000664681,0.000903468,0.846138531,309.8127906,309.8127906,214.9273374,0.005777987,0.000881613,8.79807E-05,0.003202239,0.846138531,216.5788691,215.0945304,1375074.393
0.007218557,0.000393783,0.00016766,0.839808351,293.4980785,293.4980785,139.7203099,0.00712726,0.000439432,7.73533E-06,0.002375393,0.839808351,140.6016854,140.4981793,1762448.612
0.006274093,0.001059455,0.000446453,0.885382606,325.8107341,325.8107341,182.0896665,0.005992293,0.001200355,3.33164E-05,0.002723856,0.885382606,183.1824043,182.7132853,1529858.78
0.006515222,0.000975706,0.000289073,0.623735292,582.5168844,582.5168844,167.8578384,0.001051127,0.003707753,3.48157E-05,0.005156124,0.623735292,175.2454536,174.2358798,1631042.399
0.006569322,0.000806765,0.000403913,0.632230911,355.8698215,355.8698215,49.40707507,0.00623921,0.000971821,5.13656E-06,0.002733652,0.632230911,52.5820876,52.55801964,2312199.356
0.005998568,0.000976034,0.000805397,0.334187253,494.4180977,494.4180977,163.3301989,0.000916508,0.003517064,2.59744E-05,0.005490273,0.334187253,174.6147983,172.9526192,1691367.233
0.006769748,0.000555614,0.000454639,0.057704706,280.6975806,280.6975806,101.4262859,0.006503069,0.000688953,2.49924E-05,0.002732805,0.057704706,133.9747774,113.7262906,1616471.244
0.006930158,0.000484338,0.000365504,0.399112146,231.4540136,231.4540136,46.42877673,0.006921773,0.000488531,1.81477E-05,0.002521368,0.399112146,49.61194263,49.11474545,1485902.82
0.006889395,0.000682039,0.000208566,0.488693187,344.3968446,344.3968446,152.5710746,0.006467893,0.00089279,1.95943E-05,0.002569543,0.488693187,154.8375915,154.497404,1592604.563
0.007244612,0.000188164,0.000347224,0.486150465,304.5979862,304.5979862,122.9096301,0.007077091,0.000271925,3.64484E-06,0.002597159,0.486150465,125.350135,124.8901446,2436849.145
0.006527005,0.00041919,0.000833805,0.70765777,650.5353965,650.5353965,33.2327154,0.001225448,0.003069968,1.30596E-05,0.005641344,0.70765777,41.50465792,41.1366208,1822983.05
0.006846649,0.000340962,0.000592389,0.541272444,664.6610164,664.6610164,128.2936643,0.000952261,0.003288156,3.71469E-06,0.005705689,0.541272444,138.1734651,137.909212,2224162.652
0.006340047,0.000784468,0.000655485,0.852312729,203.1082088,203.1082088,85.06256768,0.006335151,0.000786916,3.18983E-06,0.002824563,0.852312729,85.88778783,85.86261055,2605007.053
0.005779743,0.000882147,0.00111811,0.568100298,489.6099921,489.6099921,196.8343994,0.000898416,0.003322811,1.62667E-05,0.005712326,0.568100298,202.6927916,201.6971,1887195.604
0.006380382,0.000839428,0.00056019,0.790954946,209.1969361,209.1969361,21.86477545,0.006377558,0.00084084,7.45742E-06,0.002723965,0.790954946,23.25984475,23.2494212,2140304.976
0.006230517,0.000918699,0.000630784,0.110426445,403.5504501,403.5504501,61.90480664,0.000488346,0.003789784,1.79425E-06,0.005669895,0.110426445,111.0830594,96.40556765,2650349.47
0.005951037,0.000844184,0.000984779,0.732195267,452.8564523,452.8564523,202.1529979,0.000995162,0.003322121,2.2894E-05,0.005609642,0.732195267,206.4501128,205.4011326,1799934.785
0.00661516,0.000683921,0.00048092,0.879844141,615.423105,615.423105,65.10358056,0.001188339,0.003397331,4.57779E-06,0.005359572,0.879844141,71.30773493,71.05498556,2224287.436
0.006789278,0.000104714,0.000886008,0.20812655,505.6151364,505.6151364,85.71411117,0.000888856,0.003054925,1.47851E-05,0.005991254,0.20812655,107.7066596,105.6328414,1730993.98
0.007043939,0.000221385,0.000514676,0.82146354,317.004387,317.004387,91.14888892,0.006904823,0.000290943,3.37375E-06,0.00275068,0.82146354,92.86036077,92.82907101,2534346.774
0.006106649,0.000635571,0.00103778,0.608734222,648.2425303,648.2425303,185.4960096,0.000949524,0.003214133,2.30217E-05,0.005763141,0.608734222,193.3407686,192.3193104,1702495.903
0.006176388,0.001180512,0.0004231,0.652562137,578.1733073,578.1733073,138.1288212,0.001118379,0.003709517,2.72832E-05,0.005094641,0.652562137,145.1411605,144.4651908,1701544.452
0.006347923,0.001022115,0.000409962,0.61721376,473.8094058,473.8094058,188.218375,0.000829583,0.003781285,5.07555E-06,0.005333876,0.61721376,193.6631412,193.1910304,2562309.748
0.005641187,0.001084454,0.001054359,0.71704905,644.3983022,644.3983022,37.82625137,0.001207277,0.003301409,8.98094E-06,0.005432153,0.71704905,45.65122967,45.45641005,1983842.896
0.006288231,0.000968622,0.000523147,0.476668989,374.5704988,374.5704988,59.74363917,0.005784484,0.001220495,2.82843E-05,0.002916556,0.476668989,64.7888432,63.91676115,1579010.993
0.007059746,0.000442561,0.000277693,0.679177655,359.0928135,359.0928135,150.2124208,0.006637928,0.000653469,3.59087E-05,0.002622513,0.679177655,152.0206814,151.7107252,1316613.324
0.007140632,0.000512367,0.000127002,0.453203737,502.4662316,502.4662316,33.21015562,0.001227238,0.003469063,4.36741E-05,0.005209844,0.453203737,43.88192594,43.16672699,1528235.217
0.006659098,0.000873845,0.000247057,0.816337233,231.1666744,231.1666744,173.681755,0.006596527,0.00090513,1.46498E-05,0.002433512,0.816337233,173.9256919,173.6586016,1707611.739
0.006889092,0.000384391,0.000506517,0.111257977,378.3537411,378.3537411,144.8127513,0.000261551,0.003698162,4.01478E-06,0.005986092,0.111257977,187.4126592,172.3801039,2638425.118
0.005865225,0.000956326,0.000958449,0.767004174,282.4143444,282.4143444,185.1581941,0.005652988,0.001062445,1.38515E-05,0.003220536,0.767004174,186.0058604,185.4689261,2387554.867
0.006037711,0.000939915,0.000802375,0.15754941,600.2186119,600.2186119,53.21902473,0.000612354,0.003652593,4.41173E-06,0.005680461,0.15754941,95.08873079,88.36753833,2233704.205
0.006311558,0.00054317,0.000925272,0.68775174,555.7065795,555.7065795,172.6409873,0.000897642,0.003250128,3.0204E-06,0.00579903,0.68775174,178.349508,178.0814514,2470445.93
0.006148646,0.000511256,0.001120098,0.413404536,530.9337635,530.9337635,176.5936244,0.000858322,0.003156418,1.18135E-05,0.005923266,0.413404536,185.7041488,184.7684358,1879776.883
0.006290329,0.000905985,0.000583687,0.545461253,652.9805228,652.9805228,202.2991995,0.000675776,0.003713261,1.01132E-05,0.005550669,0.545461253,211.4673626,210.5421612,2275987.857
0.00633411,0.000728895,0.000716994,0.327641935,605.5400577,605.5400577,108.7887152,0.000909322,0.003441289,9.31561E-06,0.005589893,0.327641935,124.3453018,123.4747716,1964413.506
0.006200394,0.000966703,0.000612903,0.361756543,466.6995646,466.6995646,58.7808131,0.001031661,0.00355107,2.42868E-06,0.00536466,0.361756543,72.14059183,70.30624351,2443094.08
0.006205992,0.00067232,0.000901689,0.657069886,194.776213,194.776213,82.68207843,0.006202957,0.000673837,1.5575E-05,0.003057451,0.657069886,84.35923876,83.56819007,1905131.11
0.007004546,0.000193003,0.000582451,0.859615924,235.1400423,235.1400423,86.34859883,0.006991399,0.000199576,3.67352E-06,0.002755171,0.859615924,87.36704455,87.34035593,2498592.186
0.006217391,0.000631046,0.000931562,0.790920139,449.3767287,449.3767287,111.4290858,0.003775078,0.001852203,9.50736E-05,0.004227465,0.790920139,115.1567441,114.409711,1297787.89
0.007523439,0.000150792,0.000105769,0.54876252,672.6161455,672.6161455,94.85586387,0.000919163,0.00345293,9.68894E-07,0.005576758,0.54876252,105.9237932,105.7288766,2688728.039
0.005884068,0.000828803,0.001067129,0.870989505,616.81121,616.81121,149.4053717,0.001163118,0.003189278,2.33448E-05,0.005574079,0.870989505,154.637797,154.0727096,1674771.423
0.006576291,0.000816552,0.000387157,0.570727992,663.7062454,663.7062454,214.1962709,0.000886702,0.003661347,9.68585E-05,0.005304913,0.570727992,224.4696726,221.5621119,1328269.635
0.007014424,0.000662018,0.000103558,0.699540295,683.2906734,683.2906734,79.34609654,0.001212494,0.003562983,4.83841E-05,0.005125958,0.699540295,87.99844085,87.39316385,1500679.486
0.007060727,0.000411241,0.000308032,0.80865447,376.8384589,376.8384589,70.5953961,0.006578471,0.000652369,9.89628E-06,0.002709084,0.80865447,73.1355441,73.0593087,1963827.117
0.006333364,0.000850055,0.000596581,0.203916766,350.5093523,350.5093523,210.4786392,0.00161052,0.003211477,3.2614E-05,0.005095209,0.203916766,226.6671527,217.7400653,2535020.935
0.006163409,0.000732658,0.000883933,0.091148957,586.3064294,586.3064294,211.5878995,0.000200492,0.003714116,7.46748E-05,0.005960537,0.091148957,304.440153,253.7037435,1680006.138
0.00692897,0.000459092,0.000391938,0.745434935,295.0830743,295.0830743,84.11134342,0.006854168,0.000496493,3.53471E-06,0.002595624,0.745434935,85.87116044,85.83948665,2391646.202
0.006652619,0.000122377,0.001005003,0.382028743,676.017625,676.017625,35.81892785,0.00112702,0.002885177,3.0709E-05,0.005906914,0.382028743,51.37219905,50.63812769,1529001.007
0.006667368,0.000880057,0.000232575,0.65438927,661.2687633,661.2687633,181.5246068,0.000834265,0.003796608,6.80513E-06,0.005312141,0.65438927,189.3955696,188.9105822,2314729.404
0.005910653,0.000956844,0.000912503,0.843073902,373.3720386,373.3720386,47.04463766,0.005595929,0.001114206,3.06544E-05,0.00320903,0.843073902,49.62731274,49.5096453,1637149.918
0.006717345,0.000686759,0.000375896,0.266886218,362.7553188,362.7553188,115.4575142,0.005994224,0.001048319,4.17717E-05,0.002865505,0.266886218,121.7299628,120.6562773,1397262.769
0.006854559,0.000773195,0.000152246,0.28098702,540.1176305,540.1176305,111.0489931,0.000743395,0.003828777,2.49897E-06,0.005375149,0.28098702,128.7420847,127.5907307,2486311.847
0.006083701,0.000818848,0.000877451,0.494731211,552.3179709,552.3179709,145.1446323,0.000936343,0.003392527,3.98037E-06,0.005616969,0.494731211,153.4666094,153.1298723,2253547.979
0.006596635,0.000410169,0.000773196,0.497327939,595.0251832,595.0251832,46.27419613,0.001018554,0.00319921,8.63018E-07,0.005731193,0.497327939,57.24369761,57.19406822,2636932.423
0.00582814,0.000954405,0.000997456,0.576364009,489.6219434,489.6219434,143.9122801,0.000952171,0.003392389,1.35811E-06,0.005603902,0.576364009,150.0276594,149.8659031,2673249.703
0.005887408,0.000719605,0.001172986,0.536988246,236.4092562,236.4092562,47.33019608,0.005877648,0.000724486,1.32341E-05,0.003334452,0.536988246,49.43884281,49.3820435,2042674.524
0.006841436,0.000349317,0.000589247,0.145065563,472.1996748,472.1996748,43.85737309,0.000584378,0.003477846,1.30195E-06,0.005886294,0.145065563,84.11386975,76.50412919,2562005.462
0.006532759,0.000320691,0.000926551,0.376123424,208.8258798,208.8258798,111.2360215,0.006522091,0.000326024,1.42561E-05,0.003087448,0.376123424,112.6732312,112.154334,1958679.223
0.00620282,0.001004599,0.000572581,0.332156175,573.2421777,573.2421777,76.07691446,0.000864987,0.003673515,1.80164E-06,0.005409516,0.332156175,92.21757086,91.30178934,2539057.406
0.006451034,0.000415737,0.000913229,0.072247362,523.2702398,523.2702398,215.2885182,0.000286112,0.003498198,0.000159911,0.006005598,0.072247362,333.9742209,257.3170486,1311674.178
0.007370236,0.000286496,0.000123268,0.212684723,492.5742537,492.5742537,126.8676089,0.000894336,0.003524446,5.24035E-05,0.005478634,0.212684723,148.8911685,144.8193676,1465254.344
0.006427483,0.001130242,0.000222275,0.894905865,302.6173224,302.6173224,112.1086465,0.00632956,0.001179203,2.91844E-06,0.002438138,0.894905865,113.469543,113.3266082,2328644.39
0.006330893,0.000682145,0.000766962,0.818374382,550.8443241,550.8443241,83.83145524,0.00123611,0.003229537,1.4156E-05,0.005470017,0.818374382,89.3097398,89.02168048,1839535.116
0.006027083,0.00121823,0.000534687,0.711710277,556.3462307,556.3462307,117.1362509,0.001158547,0.003652498,1.7473E-05,0.005121302,0.711710277,123.3198908,122.8947217,1841093.73
0.007048727,0.000265609,0.000465664,0.121640279,362.4011646,362.4011646,181.2278188,0.000310017,0.003634964,1.86539E-05,0.005986186,0.121640279,218.7799246,201.4641977,2132319.16
0.005918641,0.001064885,0.000796474,0.495309769,203.5529212,203.5529212,54.91894202,0.00591612,0.001066146,4.93344E-05,0.00291822,0.495309769,56.84175147,56.43528586,1321482.688
0.006963442,0.000698732,0.000117826,0.048463975,617.0940826,617.0940826,24.6439815,0.000214193,0.004073356,7.82734E-05,0.005583997,0.048463975,302.7946694,136.0616106,1824197.392
0.006378623,0.000827608,0.00057377,0.608901381,579.7030585,579.7030585,166.6006225,0.001117125,0.003458356,7.22054E-05,0.005302133,0.608901381,174.3503254,172.7951002,1363787.056
0.007472864,0.000146121,0.000161015,0.740054307,446.7697848,446.7697848,145.1752201,0.001130902,0.003317102,4.60122E-06,0.005497214,0.740054307,149.7618741,149.5255796,2258100.918
0.006436544,0.000611565,0.000731892,0.820262778,547.4012722,547.4012722,105.5697212,0.001185282,0.003237195,7.67703E-06,0.005519665,0.820262778,110.8032533,110.5788692,2021146.944
0.006557728,0.000664462,0.00055781,0.132493071,590.3486928,590.3486928,209.2202231,0.000353811,0.00376642,0.00011718,0.005712409,0.132493071,264.3258755,238.4530938,1386107.85
0.006966762,0.000645934,0.000167305,0.274382804,355.4911993,355.4911993,118.7048438,0.006218756,0.001019936,1.36604E-05,0.002697467,0.274382804,124.7572172,123.7285395,1855971.572
0.007134043,0.000139064,0.000506893,0.70188681,652.8243224,652.8243224,209.5204684,0.000799744,0.003306214,1.87598E-05,0.005825102,0.70188681,216.752383,215.6203599,1892021.955
0.006619247,0.000625682,0.000535071,0.438510706,480.969531,480.969531,122.7851659,0.00100008,0.003435266,4.50068E-06,0.005509973,0.438510706,131.5226382,131.1362528,2215487.512
0.006888468,0.000129893,0.000761639,0.494261259,333.6837298,333.6837298,211.8643666,0.006110345,0.000518954,6.73848E-05,0.003253135,0.494261259,214.5064465,212.6161454,1589309.505
0.006274059,0.001143704,0.000362236,0.790396157,322.9510787,322.9510787,165.5502066,0.006067723,0.001246872,3.12103E-05,0.002604014,0.790396157,166.7111026,166.3842821,1393917.152
0.006848922,0.000757608,0.00017347,0.88946195,640.8408713,640.8408713,163.6867849,0.001063258,0.00365044,1.36185E-05,0.005222503,0.88946195,169.3193803,168.8788376,1944357.524
0.006299145,0.000867486,0.000613369,0.017246872,373.5616067,373.5616067,20.95018706,0.000182983,0.003925567,3.96514E-05,0.005801619,0.017246872,441.1023415,150.5971218,2307468.631
0.006134003,0.000778864,0.000867132,0.316197882,263.3578477,263.3578477,131.7443626,0.006060932,0.0008154,9.86832E-06,0.00306362,0.316197882,134.0965034,133.4502575,2150324.663
0.00650951,0.000639597,0.000630893,0.481186791,669.4770606,669.4770606,105.4229258,0.000891597,0.003448553,1.44035E-06,0.005608229,0.481186791,117.2758679,117.0416528,2554478.554
0.005692745,0.001071457,0.001015798,0.67303851,518.7760104,518.7760104,149.9286735,0.001151757,0.003341951,2.82267E-05,0.005427885,0.67303851,155.5454161,154.802319,1642683.891
0.007113919,0.000288931,0.00037715,0.873012157,687.7794301,687.7794301,132.4303599,0.001181449,0.003255166,3.12668E-05,0.005481938,0.873012157,138.8690902,138.2644705,1596741.579
0.006748778,0.000672419,0.000358803,0.625631831,285.7051839,285.7051839,64.67918798,0.006705987,0.000693815,1.43521E-05,0.002535666,0.625631831,67.42601183,66.72574826,1620289.33
0.00650253,0.000956044,0.000321425,0.245948897,609.5087234,609.5087234,134.2028857,0.000592689,0.003910965,3.68166E-06,0.005442484,0.245948897,156.8123704,154.804144,2425205.052
0.006466601,0.000514863,0.000798536,0.856024648,438.6890656,438.6890656,198.4595943,0.000994134,0.003251096,8.32922E-06,0.00569626,0.856024648,201.8998619,201.3276515,2275763.109
0.005964725,0.000941509,0.000873766,0.816904566,488.1470534,488.1470534,21.02169885,0.00125414,0.003296802,2.02163E-06,0.005396857,0.816904566,26.43099942,26.41811959,2525650.357
0.006646779,0.000237076,0.000896145,0.411687486,209.7441918,209.7441918,45.87365808,0.00664162,0.000239656,6.9881E-06,0.003061556,0.411687486,48.13705227,48.10282903,2289684.705
0.006014618,0.000871617,0.000893765,0.659856598,474.7236575,474.7236575,180.3233767,0.000960493,0.00339868,6.54029E-06,0.005584107,0.659856598,185.1584218,184.7116502,2217521.005
0.005901677,0.001077626,0.000800697,0.502420479,509.9575946,509.9575946,24.21691722,0.001208786,0.003424071,1.24983E-05,0.005304465,0.502420479,33.44054481,33.24702413,1908874.37
0.006967034,0.00025541,0.000557556,0.894505004,440.880879,440.880879,49.50359032,0.004675847,0.001401004,1.35809E-05,0.003859389,0.894505004,52.88843119,52.82758153,2081759.37
0.006403594,0.000606439,0.000769966,0.350376407,217.2580508,217.2580508,86.27695641,0.006390917,0.000612778,2.82314E-06,0.002943302,0.350376407,88.50383242,88.42697339,2681333.115
0.006340205,0.000138807,0.001300988,0.793516041,449.5832239,449.5832239,207.1475454,0.000738016,0.002939901,5.81672E-06,0.006266086,0.793516041,210.9650958,210.3201899,2634892.902
0.006446979,0.000298767,0.001034254,0.803943676,213.9794189,213.9794189,147.0380834,0.006424676,0.000309918,2.46912E-05,0.003190535,0.803943676,147.4126278,147.089253,1760291.388
0.006343225,0.000924866,0.000511909,0.347405991,617.1022795,617.1022795,23.28848653,0.001136276,0.00352834,4.5981E-05,0.005239222,0.347405991,40.22928892,39.04658319,1506319.459
0.006681074,0.000885762,0.000213164,0.654798418,490.1331186,490.1331186,84.41193407,0.001206308,0.003623145,1.61487E-05,0.005104218,0.654798418,90.82878837,90.45329301,1875116.112
0.006783128,0.000458574,0.000538299,0.821385584,539.2696036,539.2696036,59.87488982,0.001230447,0.003234914,6.73381E-06,0.005477725,0.821385584,65.71154252,65.42990785,2070238.954
0.006916137,0.000117648,0.000746215,0.813715326,516.9356537,516.9356537,76.98055318,0.001319958,0.002915738,6.90858E-05,0.005645038,0.813715326,82.44539494,81.76016157,1330698.837
0.006675463,0.001000855,0.000103682,0.073316295,504.8043162,504.8043162,25.5250147,0.000267436,0.004204868,6.76408E-06,0.005470751,0.073316295,152.4579328,94.17081203,2503048.246
0.006426511,0.000495909,0.00085758,0.030017069,673.3177431,673.3177431,191.8179173,0.00022456,0.003596884,3.36646E-05,0.006094711,0.030017069,616.1495057,322.0870479,2538249.982
0.00582898,0.000983549,0.000967472,0.515172777,277.091436,277.091436,178.0909505,0.005662215,0.001066931,2.05247E-05,0.003200149,0.515172777,179.1870958,178.5448318,1984240.824
0.006769478,0.000416942,0.000593581,0.008371103,429.0516501,429.0516501,169.1713634,0.000481626,0.003560867,0.000120751,0.005786575,0.008371103,712.2814236,263.8873822,1569954.487
0.006673219,0.00080897,0.000297811,0.178503568,616.4758408,616.4758408,190.1790885,0.000271305,0.004009927,1.40358E-05,0.005654552,0.178503568,225.156284,216.7860386,2299201.815
0.006870409,9.1667E-05,0.000817924,0.018621921,440.3013622,440.3013622,178.1459021,0.000220327,0.003416708,3.63437E-05,0.006276441,0.018621921,595.6513392,279.9474961,2266751.872
0.006397199,0.000595788,0.000787013,0.71304621,575.6764109,575.6764109,44.93928306,0.0012252,0.003181787,9.78786E-06,0.005533044,0.71304621,52.42169051,51.80628546,1938762.303
0.006700488,0.000465359,0.000614154,0.171754563,278.5874016,278.5874016,99.49899094,0.006605666,0.00051277,2.80208E-05,0.002803363,0.171754563,106.391649,104.2478752,1524853.905
0.007103697,0.000424318,0.000251985,0.85687485,539.5772492,539.5772492,25.77591546,0.001222864,0.003364735,2.81176E-06,0.00535941,0.85687485,31.71936241,31.69961949,2407462.87
0.005785413,0.001081154,0.000913433,0.693205951,653.2066757,653.2066757,20.26983228,0.001131731,0.003407995,1.80415E-06,0.00540829,0.693205951,28.83516131,28.81896635,2539139.312
0.00614708,0.00075323,0.00087969,0.734918014,269.8052866,269.8052866,21.44753127,0.006129648,0.000761946,3.76815E-05,0.003020544,0.734918014,23.49187809,23.44670567,1491297.681
0.007158745,0.000406635,0.00021462,0.383450835,405.1790211,405.1790211,54.70616995,0.004674276,0.001648869,4.25596E-06,0.003622418,0.383450835,62.13512218,62.0448991,2609600.851
0.005956387,0.000748705,0.001074908,0.27020334,208.1944518,208.1944518,51.11763043,0.005952383,0.000750707,6.61227E-05,0.003180607,0.27020334,55.1106567,53.96827936,1288492.556
0.00716618,0.000535053,7.87673E-05,0.612264624,301.9805909,301.9805909,126.6299341,0.007046733,0.000594776,4E-06,0.002304311,0.612264624,128.1227065,128.0180022,1902318.378
0.006591655,0.000664814,0.000523531,0.772665517,526.5866867,526.5866867,106.6458473,0.001287864,0.00331671,8.52961E-05,0.00525995,0.772665517,112.4929956,111.5386338,1301836.822
0.006542831,0.001145402,9.17677E-05,0.784614928,631.2358902,631.2358902,142.8301391,0.001136812,0.003848411,3.7387E-05,0.00492721,0.784614928,149.4757807,148.7551264,1614822.108
0.006685634,0.000757266,0.0003371,0.807357266,362.6614553,362.6614553,77.29350175,0.006304888,0.000947639,5.10191E-06,0.002692191,0.807357266,79.668797,79.62740909,2283104.22
0.00681124,0.000214981,0.000753779,0.75922965,200.7482978,200.7482978,142.6262782,0.006792006,0.000224598,7.81934E-06,0.002925397,0.75922965,142.8860092,142.6910144,2263572.721
0.006284928,0.000811838,0.000683234,0.436641251,648.5441604,648.5441604,141.0362628,0.000996718,0.003455943,2.70814E-05,0.005470077,0.436641251,152.9296348,151.8629536,1658920.458
0.006634771,0.00080539,0.000339839,0.439691573,427.0917457,427.0917457,45.15095971,0.004156599,0.002044476,2.9774E-05,0.003718971,0.439691573,52.77163199,52.01088212,1748328.237
0.007077317,0.000219058,0.000483626,0.058809908,651.1866496,651.1866496,36.2570899,0.000317822,0.003598805,0.000119735,0.005913458,0.058809908,249.5345647,132.9265123,1408932.901
0.007216091,0.000330279,0.000233631,0.411288363,354.1196852,354.1196852,26.63290331,0.006939324,0.000468662,2.45255E-05,0.002517308,0.411288363,31.81811056,31.53076624,1346980.446
0.007223466,0.000425883,0.00013065,0.536003818,539.312807,539.312807,54.7856345,0.001094286,0.003490474,2.99681E-06,0.005362064,0.536003818,64.67377877,64.11054553,2357392.31
0.006411323,0.000511051,0.000857626,0.099084018,195.7484702,195.7484702,128.4248097,0.006390386,0.00052152,2.24878E-05,0.003015427,0.099084018,133.2114443,129.2543137,1742947.222
0.006633082,0.000690633,0.000456286,0.309412397,448.1468935,448.1468935,194.0371045,0.000670436,0.003671956,1.44108E-05,0.005593018,0.309412397,205.22501,203.2941767,2020201.481
0.006845738,0.000344493,0.000589769,0.237665992,356.0749756,356.0749756,83.38132442,0.00589889,0.000817917,3.84665E-06,0.003229166,0.237665992,92.27017076,91.22105573,2626434.318
0.005969245,0.00084702,0.000963736,0.522166504,358.2673482,358.2673482,59.5415588,0.005588084,0.0010376,8.61878E-06,0.003315517,0.522166504,63.31082961,63.24261103,2230357.702
0.00620807,0.000846607,0.000725323,0.39185762,673.0562585,673.0562585,33.46994943,0.001051618,0.003424833,1.00637E-05,0.005463305,0.39185762,50.49566721,48.86953973,1954588.927
0.006718895,0.000411664,0.000649441,0.373596015,569.6077592,569.6077592,215.6821729,0.000470787,0.003535718,1.33408E-05,0.005929974,0.373596015,227.6074345,225.7650468,2200043.975
0.006112258,0.000813924,0.000853817,0.048801163,357.151357,357.151357,70.62989193,0.000195732,0.003772188,1.94707E-05,0.00596243,0.048801163,218.6697026,129.9278875,2221624.756
0.006697313,0.000205795,0.000876892,0.23373346,509.5947019,509.5947019,149.3648552,0.000812983,0.00314796,2.54888E-05,0.005963388,0.23373346,167.3942924,164.7236619,1610426.065
0.006540417,0.000881156,0.000358428,0.219767795,398.7783116,398.7783116,62.75041399,0.002474116,0.002914306,5.89261E-06,0.004555505,0.219767795,83.69369891,77.08534643,2419753.113
0.006347977,0.000463089,0.000968933,0.638188485,480.8648969,480.8648969,70.00456106,0.001217389,0.003028383,7.22378E-06,0.005696823,0.638188485,76.25397912,75.98480685,1997621.13
0.006521995,0.000708737,0.000549268,0.592969071,676.1952696,676.1952696,173.7748957,0.000927666,0.003505901,1.46581E-05,0.005501594,0.592969071,182.5683413,181.8455465,1896890.565
0.00668833,0.000459016,0.000632654,0.107272016,500.9325969,500.9325969,52.26938916,0.00044458,0.003580891,3.80917E-06,0.005920539,0.107272016,113.6250241,97.3449285,2284030.921
0.006044862,0.000851373,0.000883765,0.116305928,263.6447271,263.6447271,190.273186,0.005651651,0.001047978,2.86191E-05,0.003221571,0.116305928,196.6073244,190.8727707,2065089.316
0.006597171,0.000503945,0.000678885,0.070180978,614.3680557,614.3680557,39.44088399,0.000346639,0.00362921,4.81472E-05,0.005925823,0.070180978,188.0543546,118.3342846,1640573.812
0.006912547,0.000508871,0.000358582,0.661718728,557.1943639,557.1943639,222.6711587,0.000878854,0.003525717,8.1929E-05,0.005463319,0.661718728,230.2345721,227.5777887,1388825.096
0.007207008,0.000375314,0.000197678,0.500539433,242.3615622,242.3615622,155.1187115,0.007150511,0.000403562,5.80858E-06,0.002389938,0.500539433,155.7576975,155.5480881,2113544.801
0.006330631,0.000792063,0.000657306,0.750935727,269.1392856,269.1392856,78.76904322,0.00629882,0.000807968,6.46367E-06,0.002836568,0.750935727,80.3559887,80.30304975,2237777.173
0.006272427,0.000820608,0.000686965,0.095520957,338.3252477,338.3252477,199.3871044,0.000228016,0.003842813,4.36283E-05,0.005835362,0.095520957,257.7732388,218.3773967,2111600.433
0.006232761,0.000931606,0.000615633,0.230912776,402.8770438,402.8770438,26.23442706,0.003692171,0.002201901,1.52864E-05,0.004040461,0.230912776,40.31406546,39.30802221,2039462.809
0.006409177,0.000674139,0.000696684,0.04872108,456.3413533,456.3413533,177.4001034,0.000173449,0.003792003,5.47563E-05,0.005929612,0.04872108,353.0620347,235.8717956,1947184.26
0.006809606,0.000317504,0.00065289,0.590901946,327.14966,327.14966,205.3742063,0.006213904,0.000615355,4.6141E-05,0.00307442,0.590901946,207.3030131,206.0120603,1738190.433
0.006492306,0.00081185,0.000475844,0.249700149,609.1076013,609.1076013,148.0142212,0.00070605,0.003704978,1.52512E-05,0.00552354,0.249700149,169.2293325,166.7438729,1891560.421
0.006887646,0.000311631,0.000580723,0.638220178,591.1702156,591.1702156,169.0862068,0.000888564,0.003311172,3.62254E-06,0.005746461,0.638220178,175.9925831,175.6908159,2363631.457
0.006318767,0.000534123,0.00092711,0.117274666,326.4614765,326.4614765,115.9473737,0.005267253,0.00105988,5.10813E-06,0.003617579,0.117274666,136.3712658,126.7618362,2687613.541
0.005738268,0.000947397,0.001094335,0.471602307,500.8541441,500.8541441,176.9756567,0.000988506,0.003322278,2.71037E-05,0.005611932,0.471602307,184.5252559,183.2844076,1659408.941
0.006948769,0.000497086,0.000334145,0.041310644,238.6408691,238.6408691,21.47731752,0.00687709,0.000532925,4.03566E-06,0.002535768,0.041310644,96.88286394,45.3068079,2400901.235
0.005904244,0.001005219,0.000870537,0.091184106,528.5312409,528.5312409,60.02254881,0.000617198,0.003648742,5.76602E-05,0.00562622,0.091184106,138.893769,108.5174428,1471800.455
0.006996963,0.000535037,0.000248,0.422046892,364.0222649,364.0222649,38.91679953,0.006634135,0.000716451,2.86711E-05,0.002570563,0.422046892,45.49069891,43.67993974,1337282.362
0.006825721,0.000837841,0.000116438,0.63958462,528.2927577,528.2927577,54.73685611,0.001200582,0.00365041,1.36689E-05,0.005085158,0.63958462,62.39149938,61.97968953,1927750.836
0.00632354,0.000810966,0.000645494,0.541215753,337.454143,337.454143,214.9040222,0.00534001,0.001302731,4.31401E-05,0.003263939,0.541215753,217.6697302,215.7969831,2075210.134
0.006775256,0.000214593,0.000790151,0.184433229,533.8682632,533.8682632,195.7050551,0.000468533,0.003367954,3.85866E-05,0.006074746,0.184433229,222.6423065,215.0152945,1609694.409
0.00694637,0.000513054,0.000320576,0.556911686,387.674264,387.674264,48.39700363,0.006339355,0.000816562,2.88007E-05,0.002765103,0.556911686,53.23621539,52.33847112,1492061.04
0.006513085,0.001040989,0.000225925,0.62923811,386.6773482,386.6773482,156.6710527,0.005206473,0.001694295,1.06536E-05,0.003038398,0.62923811,159.3583714,159.0180358,2237039.244
0.006699607,0.000156695,0.000923698,0.283352655,292.4012835,292.4012835,27.96159222,0.006627188,0.000192905,2.03792E-05,0.003109348,0.283352655,33.47429481,33.34195868,1788186.373
0.006888533,0.000460901,0.000430567,0.724311733,556.3553565,556.3553565,50.64752883,0.001215346,0.003297494,8.4913E-06,0.005428489,0.724311733,57.80136951,57.33664708,2008326.857
0.006757489,0.00035694,0.000665571,0.160228407,604.6957336,604.6957336,58.21845456,0.000580295,0.003445537,3.16335E-06,0.005920824,0.160228407,99.16752144,93.71454742,2264363.722
0.00663401,0.000321881,0.000824109,0.217182735,659.3505351,659.3505351,153.4931171,0.000502996,0.003387388,6.27359E-06,0.006053162,0.217182735,180.0274992,177.4324026,2123902.423
0.00660086,0.000461365,0.000717775,0.535261025,449.0511958,449.0511958,197.1780466,0.000864574,0.003329508,1.29278E-05,0.00574281,0.535261025,203.0698315,202.1211615,1999342.645
0.006024051,0.001111267,0.000644681,0.781410941,285.353077,285.353077,196.5207644,0.005737622,0.001254482,1.85308E-05,0.002939185,0.781410941,197.4967789,196.7650702,2376171.932
0.006103241,0.000676866,0.000999893,0.73680335,494.3294628,494.3294628,122.1917752,0.001132187,0.003162393,3.37742E-06,0.005651863,0.73680335,127.1109785,126.9455213,2252861.016
0.006115713,0.000892355,0.000771933,0.531079818,287.9218959,287.9218959,181.5245,0.005921823,0.0009893,2.98039E-05,0.003008894,0.531079818,182.7324702,182.0364267,1732744.091
0.006704447,0.000558145,0.000517408,0.002069034,396.1502133,396.1502133,76.81214161,0.00030658,0.003757079,3.90569E-05,0.005847104,0.002069034,789.7948544,232.6203077,2450670.541
0.006265696,0.000559921,0.000954383,0.850079394,621.9181553,621.9181553,220.1024996,0.000704523,0.003340508,1.37315E-05,0.005891058,0.850079394,225.6318163,224.5798228,2216914.645
0.006062791,0.001000635,0.000716574,0.713231287,405.6817132,405.6817132,224.8909928,0.002192857,0.002935602,3.8562E-05,0.004782799,0.713231287,229.162514,227.0592264,2110992.249
0.00685167,0.000219909,0.000708421,0.359401593,658.9358755,658.9358755,37.46828568,0.001162974,0.003064258,7.34625E-05,0.005649126,0.359401593,53.89729106,52.85564168,1314076.272
0.007439443,0.000207839,0.000132718,0.786105814,377.1196363,377.1196363,88.21776828,0.006787132,0.000533994,3.36317E-06,0.00262533,0.786105814,90.71599844,90.6804683,2465406.796
0.006181846,0.000737048,0.000861106,0.606959949,542.9556483,542.9556483,75.49759973,0.001254168,0.003200887,5.04072E-05,0.005444358,0.606959949,82.95830866,82.28828084,1448662.23
0.006368548,0.001191252,0.0002202,0.218136622,487.0489648,487.0489648,64.66363473,0.000788197,0.003981427,2.9522E-06,0.005177243,0.218136622,88.65862361,85.3231005,2469025.881
0.006626078,0.000190524,0.000963398,0.151608567,238.2917332,238.2917332,178.6584506,0.006480303,0.000263412,3.15252E-05,0.00317458,0.151608567,180.8893847,178.2943476,1759342.733
0.006595427,0.000756675,0.000427898,0.77501371,397.1714501,397.1714501,95.51151101,0.005724986,0.001191896,1.61038E-05,0.003016834,0.77501371,98.27896043,98.01268628,1891334.542
0.007022033,0.000229484,0.000528483,0.293983636,658.4511958,658.4511958,51.85847359,0.000821243,0.003329879,1.82788E-06,0.00579687,0.293983636,74.43641503,72.81922906,2404896.971
0.005900914,0.00088203,0.000997056,0.292643273,215.1807415,215.1807415,54.13480006,0.005895317,0.000884828,4.04491E-05,0.003129226,0.292643273,58.76206828,57.04799423,1488319.229
0.006865447,0.0007005,0.000214053,0.360162077,382.7142485,382.7142485,204.7923372,0.003172165,0.002547141,3.4363E-05,0.00419615,0.360162077,211.4930312,208.9669598,2139432.162
0.006845807,0.000135368,0.000798826,0.687157872,309.5764593,309.5764593,215.6366216,0.006088778,0.000513882,3.35169E-05,0.003313643,0.687157872,217.77158,215.970572,2593667.657
0.005895934,0.000875232,0.001008834,0.147669368,303.0323895,303.0323895,127.038129,0.005542594,0.001051902,1.10944E-05,0.00334423,0.147669368,136.737034,132.8733061,2181358.595
0.005939455,0.001102588,0.000737956,0.619464431,368.9813974,368.9813974,23.80053711,0.005658871,0.00124288,4.92792E-05,0.002998789,0.619464431,27.47936441,27.34796641,1356683.728
0.007064054,0.000579918,0.000136028,0.578988524,658.1423061,658.1423061,106.7334096,0.001002796,0.003610547,4.31733E-06,0.00533216,0.578988524,116.4990128,116.2388624,2269930.095
0.006426911,0.00047483,0.000878259,0.73921996,443.1241566,443.1241566,45.25331311,0.004341272,0.001517649,3.74426E-05,0.004053456,0.73921996,49.44637672,49.21321333,1652233.361
0.007219872,0.000150069,0.000410059,0.340698452,596.5011963,596.5011963,216.8897288,0.000392636,0.003563687,1.301E-05,0.005980487,0.340698452,231.2505417,229.1276086,2258228.295
0.006569656,0.000339036,0.000871308,0.100719476,365.4887377,365.4887377,75.88680496,0.003765672,0.001741028,3.3681E-05,0.004409439,0.100719476,110.6564405,96.85723676,1796921.187
0.006642896,0.000682484,0.00045462,0.773536352,420.7780805,420.7780805,204.8521708,0.00230966,0.002849102,2.60051E-05,0.004765053,0.773536352,208.5011698,207.3479339,2047886.541
0.006482193,0.000678919,0.000618887,0.641867664,671.9092979,671.9092979,205.1704027,0.000888267,0.003475882,4.08799E-05,0.00554479,0.641867664,213.5510103,211.9214582,1597303.922
0.007159567,0.000325477,0.000294957,0.517513534,254.6715219,254.6715219,180.4188109,0.007007629,0.000401446,9.35883E-06,0.002531387,0.517513534,181.1268199,180.628735,2558193.201
0.00626196,0.000647065,0.000870975,0.667026692,222.7066929,222.7066929,207.9896089,0.006040948,0.000757571,4.29878E-05,0.003108313,0.667026692,208.6848987,207.4497168,1808929.736
0.007071141,0.000161723,0.000547137,0.678306121,546.9515353,546.9515353,23.45033611,0.001312998,0.003040794,5.70286E-05,0.005538999,0.678306121,30.85894871,30.41179603,1401237.617
0.006404984,0.001197256,0.00017776,0.499583748,662.0184156,662.0184156,218.4288724,0.000822321,0.003988587,0.000108321,0.005030591,0.499583748,230.3799786,226.9512148,1322525.561
0.007493694,0.000176265,0.000110041,0.720823024,242.3894661,242.3894661,35.56600726,0.007482498,0.000181863,1.818E-06,0.002283641,0.720823024,37.23099276,37.22648179,2170414.715
0.006502612,0.00046919,0.000808198,0.603314681,519.2153893,519.2153893,78.97985675,0.00107834,0.003181326,9.91059E-07,0.005689163,0.603314681,86.50614793,86.22121786,2607156.633
0.006077827,0.000710486,0.000991687,0.481601382,261.3416916,261.3416916,120.9670297,0.006037984,0.000730408,2.41963E-05,0.003157232,0.481601382,122.5421696,122.1366208,1736775.513
0.006832381,0.000563981,0.000383638,0.617336646,540.7710936,540.7710936,220.7627633,0.000607893,0.003676225,1.35846E-05,0.005652117,0.617336646,227.5678835,226.3238946,2334637.236
0.006110366,0.000708767,0.000960867,0.859665904,505.9129476,505.9129476,137.5142336,0.001216266,0.003155817,2.19269E-05,0.00555581,0.859665904,141.8464129,141.346896,1694741.796
0.006788524,0.000550877,0.000440598,0.564980784,209.1489334,209.1489334,76.67076491,0.006784436,0.000552921,2.26376E-05,0.002589824,0.564980784,77.98139376,77.75769878,1462142.423
0.006620347,0.000940527,0.000219125,0.737220606,593.7911516,593.7911516,46.70089314,0.001198404,0.003651499,1.05129E-05,0.005089404,0.737220606,54.53313161,53.86782959,2012742.576
0.00676168,0.000383654,0.000634665,0.17007691,689.8174565,689.8174565,52.10147778,0.000706485,0.003411252,1.39259E-05,0.005818157,0.17007691,94.48250277,89.12497012,1831207.737
0.006647966,0.000691615,0.000440419,0.676330372,409.5898577,409.5898577,75.6037271,0.004990044,0.001520576,3.64681E-06,0.003435553,0.676330372,79.39955022,79.35774965,2664544.941
0.005663236,0.00102916,0.001087604,0.199430234,362.6719157,362.6719157,109.7500306,0.004668678,0.001526439,3.38663E-05,0.003720837,0.199430234,119.7727728,117.3497704,1696147.717
0.007020274,0.000399147,0.000360579,0.374810667,211.7411204,211.7411204,101.892631,0.007009798,0.000404385,5.27278E-06,0.002530364,0.374810667,104.0542314,103.2715164,2121225.789
0.006168948,0.000920529,0.000690522,0.711788328,301.7034838,301.7034838,107.9622367,0.00607461,0.000967698,9.43724E-06,0.002898074,0.711788328,109.6574182,109.4179918,2091221.509
0.006352221,0.000816696,0.000611083,0.359971679,483.1665886,483.1665886,147.0864203,0.000881278,0.003552167,6.1412E-06,0.005510233,0.359971679,157.4388904,156.7286304,2153563.112
0.006799764,0.000217298,0.000762937,0.040607873,493.5514225,493.5514225,112.4216966,0.00014767,0.003543345,4.16132E-05,0.006217191,0.040607873,360.0069209,203.712628,2072392.629
0.006760402,0.000270914,0.000748683,0.180948797,315.6343863,315.6343863,22.48702738,0.006571448,0.000365391,2.36145E-05,0.002989366,0.180948797,33.1864224,32.02992911,1682846.027
0.006816249,0.000559611,0.00040414,0.038586124,520.5642464,520.5642464,27.0889346,0.000267424,0.003834024,0.000128783,0.005719589,0.038586124,322.8096646,135.163477,1491472.244
0.006764061,0.000784953,0.000230986,0.57525049,217.4987538,217.4987538,102.485667,0.006753335,0.000790316,2.55737E-06,0.002403611,0.57525049,104.5586744,103.5973403,2319198.686
0.006375815,0.000667615,0.00073657,0.226590242,666.508106,666.508106,222.5992493,0.000487314,0.003611866,0.000111912,0.005738729,0.226590242,251.6396206,241.4176651,1335814.102
0.006916327,0.000752399,0.000111274,0.377901356,234.0405947,234.0405947,132.2717493,0.006881429,0.000769848,1.9157E-06,0.002296627,0.377901356,133.6762022,133.3394746,2413418.113
0.006591205,0.000100719,0.001088076,0.154660897,357.1787449,357.1787449,208.7272604,0.000346281,0.003223181,3.03897E-05,0.006349968,0.154660897,233.2328883,221.369589,1858378.96
0.00689136,0.000262231,0.000626409,0.796011435,518.8853179,518.8853179,87.05229339,0.001150513,0.003132654,1.64729E-06,0.005665005,0.796011435,92.51876268,92.39168408,2456980.619
0.006218144,0.000751204,0.000810652,0.306919289,443.8444959,443.8444959,80.09334265,0.000920346,0.003400103,1.04027E-06,0.00562833,0.306919289,93.47683501,92.53640877,2654138.052
0.005958853,0.000850459,0.000970688,0.184619174,457.6218217,457.6218217,201.8157402,0.000415064,0.003622353,2.32322E-05,0.005889171,0.184619174,223.6503798,217.0456174,1880006.798
0.0061844,0.000995058,0.000600543,0.715850225,380.2031027,380.2031027,181.1659761,0.005353526,0.001410494,6.43369E-05,0.003121463,0.715850225,183.3675244,182.5826367,1355676.395
0.006550674,0.001094324,0.000135002,0.02203274,578.9927805,578.9927805,101.5841444,0.000280201,0.004229561,4.95665E-05,0.005390492,0.02203274,582.2382972,240.6364962,2384648.129
0.006138491,0.00087963,0.00076188,0.035811192,330.9307455,330.9307455,202.5091263,0.000179541,0.003859105,5.03419E-05,0.005860833,0.035811192,385.4718648,240.0594388,2169461.441
0.006644219,0.000335831,0.00079995,0.476841474,517.9790968,517.9790968,108.049524,0.001068532,0.003123675,6.74936E-06,0.005750864,0.476841474,116.6939452,116.3302892,2004780.05
0.006448679,0.000666204,0.000665117,0.840030998,657.1637494,657.1637494,116.4702857,0.001124636,0.003328225,6.49574E-06,0.005490463,0.840030998,122.6513144,122.4385178,2086999.902
0.006114715,0.000954933,0.000710352,0.541997125,355.4926617,355.4926617,107.8970153,0.005740385,0.001142098,2.33485E-05,0.003043988,0.541997125,110.8163259,110.459959,1721032.717
0.006596317,0.000721361,0.000462322,0.541063043,601.7039561,601.7039561,114.1601972,0.00098684,0.003526099,3.22125E-06,0.005433659,0.541063043,123.3219768,123.0745693,2338761.174
0.006178398,0.000731874,0.000869728,0.579483158,588.5441536,588.5441536,163.8485697,0.001021812,0.003310167,1.87523E-05,0.005599088,0.579483158,171.3512737,170.5953311,1760643.342
0.006675867,0.000669943,0.000434191,0.829738299,250.2544645,250.2544645,39.77035649,0.006661035,0.000677358,2.93709E-06,0.002608489,0.829738299,41.27640379,41.26815366,2530366.419
0.005915508,0.000851413,0.001013078,0.197339321,267.1176494,267.1176494,171.7162665,0.00573447,0.000941932,3.02312E-05,0.003243186,0.197339321,174.6585832,172.7391574,1753538.125
0.007168899,0.000152608,0.000458494,0.796415097,398.4991185,398.4991185,46.89412378,0.006274005,0.000600054,5.78985E-06,0.00306997,0.796415097,49.86916311,49.84808301,2408236.456
0.006414298,0.000538222,0.00082748,0.043949297,537.3897272,537.3897272,122.7069645,0.000124559,0.003683091,2.85469E-05,0.006113623,0.043949297,362.4990051,214.919243,2415216.751
0.006348603,0.000366311,0.001065086,0.730837647,522.2789916,522.2789916,73.71035754,0.001303603,0.002888811,6.10601E-05,0.005696345,0.730837647,79.63658527,78.97378192,1359840.24
0.007198144,0.000448407,0.000133449,0.029342287,533.6385234,533.6385234,142.3862518,0.000306068,0.003894445,8.43207E-05,0.005664986,0.029342287,506.2612131,247.5154938,1843902.061
0.006640044,0.000647464,0.000492492,0.373544071,191.6372053,191.6372053,67.08282007,0.006635922,0.000649525,2.38792E-06,0.002661985,0.373544071,68.98770479,68.95819222,2645789.464
0.005949174,0.00080591,0.001024915,0.535203955,252.4408825,252.4408825,217.5660986,0.005567117,0.000996939,5.28308E-05,0.003332933,0.535203955,219.1048002,217.1290341,1866470.908
0.006833413,0.000472283,0.000474304,0.177123784,576.4422545,576.4422545,33.03351536,0.000854406,0.003461786,1.882E-05,0.005614807,0.177123784,67.98417491,63.30562749,1751883.854
0.00654655,0.000728059,0.000505391,0.71648413,616.226904,616.226904,57.90467503,0.001159089,0.003421789,5.15037E-06,0.005363791,0.71648413,65.77940403,65.34870215,2184777.871
0.006797546,0.000216785,0.000765669,0.189897286,567.7937826,567.7937826,149.1244551,0.000390897,0.00342011,2.48745E-06,0.006136326,0.189897286,176.4667998,173.5923786,2493770.718
0.006371723,0.000331606,0.001076671,0.156980423,668.5569675,668.5569675,80.27728471,0.000443006,0.003295964,1.7988E-06,0.00620905,0.156980423,123.9403084,118.9412235,2395900.914
0.006266871,0.000450313,0.001062816,0.552461463,655.9042552,655.9042552,48.37721824,0.001121265,0.003023116,5.42517E-06,0.005800014,0.552461463,59.00869782,58.40429062,2047671.092
0.006586449,0.000550117,0.000643433,0.846951393,300.617888,300.617888,59.08088683,0.006518784,0.00058395,5.58561E-06,0.0028415,0.846951393,60.83443787,60.81110919,2332284.516
0.0066764,0.000305833,0.000797767,0.595411836,446.8312659,446.8312659,217.876237,0.000651805,0.00331813,1.11936E-05,0.005968691,0.595411836,223.301036,222.1624853,2328150.768
0.006565337,0.000354794,0.000859869,0.193416389,588.597499,588.597499,81.35441809,0.000753406,0.00326076,8.83508E-06,0.005926819,0.193416389,110.0740265,107.3090363,1913208.72
0.006389921,0.000904969,0.00048511,0.822231684,453.3004763,453.3004763,69.06541476,0.002030756,0.003084552,3.38224E-06,0.00483113,0.822231684,73.59687068,73.49981905,2485561.539
0.006029252,0.000728905,0.001021844,0.342183273,501.7198919,501.7198919,156.5535846,0.000860293,0.003313384,8.64425E-06,0.005767499,0.342183273,167.3569032,166.4585647,1983291.928
0.006229312,0.000993838,0.00055685,0.031493707,471.5527575,471.5527575,20.88862096,0.000121216,0.004047886,2.62328E-05,0.005754485,0.031493707,348.8452101,141.0293149,2616236.35
0.005902457,0.000757467,0.001120077,0.204618316,559.6559331,559.6559331,36.1691476,0.000763443,0.003326973,1.71657E-06,0.005857687,0.204618316,67.1330973,61.74270662,2410771.486
0.006419302,0.000367936,0.000992763,0.816198815,219.1850792,219.1850792,84.03752579,0.0064142,0.000370486,4.20179E-05,0.003123115,0.816198815,85.03137679,84.74673917,1475412.4
0.007236588,0.000249803,0.000293609,0.78209057,438.1711287,438.1711287,66.32834075,0.005142151,0.001297021,3.7258E-05,0.003473389,0.78209057,70.20941226,69.74873951,1622875.081
0.006809368,0.000646877,0.000323755,0.524225977,304.1112595,304.1112595,163.8206121,0.006634359,0.000734382,2.52695E-05,0.00255581,0.524225977,165.1820363,164.8098985,1460641.815
0.007064329,0.000515836,0.000199835,0.504712035,358.9194517,358.9194517,164.8429676,0.006277217,0.000909392,1.36924E-05,0.002749518,0.504712035,167.3243919,166.8897885,2035263.744
0.006444727,0.00074442,0.000590853,0.000989757,468.1854346,468.1854346,196.1979918,0.000707579,0.003612993,0.000189707,0.00543954,0.000989757,858.5432436,239.7437246,1347591.166
0.006795775,0.000852729,0.000131496,0.114184633,566.1296927,566.1296927,135.6414774,0.000351518,0.004074857,2.59036E-05,0.005497541,0.114184633,201.4018638,176.3736219,1941866.732
0.006683525,0.000510732,0.000585743,0.193184724,397.1258282,397.1258282,137.9732537,0.000564505,0.003570242,1.71403E-06,0.005813359,0.193184724,156.7610578,154.2108875,2669105.376
0.005975076,0.000681093,0.001123832,0.744139399,445.7353496,445.7353496,129.8208695,0.001561131,0.002888065,4.31707E-06,0.005496307,0.744139399,133.8401898,133.6414196,2248547.977
0.006556801,0.000328761,0.000894438,0.348858978,252.62591,252.62591,197.6606404,0.006272819,0.000470752,1.9057E-05,0.003187192,0.348858978,198.8898938,197.4844687,2510153.982
0.005768636,0.001042999,0.000968365,0.286274741,296.4161848,296.4161848,112.3266366,0.005628446,0.001113094,1.4264E-05,0.003194016,0.286274741,116.516166,115.5609848,1984889.172
0.006689217,0.000553249,0.000537534,0.235608064,336.1931171,336.1931171,99.30240874,0.006288005,0.000753855,2.20535E-05,0.002885906,0.235608064,106.2302759,104.7708666,1690133.552
0.006893282,0.000436198,0.00045052,0.266878619,416.3325741,416.3325741,143.1499539,0.001082694,0.003341492,4.62767E-05,0.005479357,0.266878619,156.3906446,153.669565,1542999.845
0.007136136,0.000348684,0.000295181,0.385365957,309.3938794,309.3938794,83.09751855,0.006960248,0.000436628,2.00851E-06,0.002550936,0.385365957,86.80465334,86.73543883,2639649.666
0.00564515,0.001063123,0.001071727,0.173173761,321.1143776,321.1143776,40.91414437,0.005342265,0.001214565,6.58624E-06,0.003386403,0.173173761,52.22994701,51.18280771,2352246.131
0.006136238,0.000787299,0.000856463,0.510734831,641.5571116,641.5571116,96.93565816,0.000932747,0.003389045,1.09113E-06,0.005626938,0.510734831,107.5338004,107.3270164,2624785.577
0.005808036,0.000853239,0.001118725,0.591902567,485.7813127,485.7813127,65.95282623,0.001177379,0.003168567,3.58094E-06,0.005600293,0.591902567,72.92436723,72.56720161,2234318.855
0.006207028,0.000778817,0.000794155,0.61702464,665.574055,665.574055,153.0514279,0.001087954,0.003338354,3.7743E-05,0.005485769,0.61702464,161.5018995,160.5065887,1547646.708
0.006676146,0.000847307,0.000256548,0.318372815,502.0707374,502.0707374,180.6513405,0.000813793,0.003778483,3.16807E-05,0.005325863,0.318372815,193.535643,191.2105882,1692201.069
0.006763554,0.000654007,0.000362439,0.861111906,314.7167102,314.7167102,108.9525437,0.006668842,0.000701363,2.60978E-05,0.002553517,0.861111906,110.2763036,110.1249237,1365365.757
0.007062892,0.000585113,0.000131995,0.219372282,239.1441009,239.1441009,148.466577,0.007015411,0.000608854,1.29737E-05,0.002312581,0.219372282,150.0140481,149.4216837,1341932.296
0.006632263,0.001023346,0.000124391,0.673447059,465.4955896,465.4955896,77.72659332,0.001570374,0.003554291,3.33736E-05,0.004791782,0.673447059,83.63421081,83.14128249,1681022.717
0.006941786,0.000477391,0.000360823,0.351210877,412.5992636,412.5992636,118.8841832,0.004133532,0.001881518,5.55693E-05,0.003879201,0.351210877,126.251724,125.0838887,1524309.407
0.007168551,0.000345408,0.00026604,0.760282521,539.5181293,539.5181293,85.1042979,0.001159826,0.003349771,4.10763E-06,0.005436115,0.760282521,91.21480502,91.03410012,2241654.286
0.006396389,0.000443444,0.000940167,0.334791862,574.1641236,574.1641236,191.1000947,0.000477732,0.003402773,4.47011E-06,0.006064845,0.334791862,204.2083837,203.2358406,2556402.575
0.005691083,0.001045719,0.001043198,0.636848312,390.5548052,390.5548052,173.7229078,0.004430349,0.001676086,3.25875E-05,0.003810798,0.636848312,176.421542,175.6841059,1780000.702
0.006388933,0.000899217,0.00049185,0.311096308,476.2308335,476.2308335,49.85076974,0.00117128,0.003508044,6.01034E-05,0.005210393,0.311096308,64.01828924,62.67669797,1427894.46
0.006492785,0.001085705,0.00020151,0.789443344,291.6978017,291.6978017,34.1206347,0.006442745,0.001110725,2.1549E-06,0.002394195,0.789443344,36.15833809,36.1523582,2403122.939
0.006248861,0.000524277,0.001006862,0.67547762,668.0495913,668.0495913,130.072443,0.001073352,0.003112031,8.32287E-06,0.005756114,0.67547762,137.5714355,137.2503015,1947461.462
0.006345392,0.000812184,0.000622424,0.390988456,448.3813888,448.3813888,173.8871504,0.00081863,0.003575565,6.11048E-06,0.005549514,0.390988456,182.1772921,181.4320678,2253891.193
0.006740876,0.000124182,0.000914941,0.360600622,327.7357671,327.7357671,192.8714991,0.005954757,0.000517242,2.22466E-05,0.003455574,0.360600622,195.7033949,194.3296003,2246137.847
0.006233791,0.000878027,0.000668182,0.335650335,303.7111718,303.7111718,169.0691383,0.005953625,0.00101811,2.04672E-05,0.002957618,0.335650335,171.3843164,170.5799711,1876736.108
0.006592905,0.000621278,0.000565817,0.398930833,672.8434914,672.8434914,203.6047374,0.000543065,0.003646199,1.13398E-05,0.005749217,0.398930833,217.0389989,215.6075814,2213435.6
0.006301967,0.000661074,0.000816959,0.34228286,538.4546231,538.4546231,53.68622127,0.001010376,0.003306869,4.18184E-06,0.005628392,0.34228286,68.52950187,67.49674462,2180297.072
0.006160208,0.000879663,0.000740128,0.065450471,547.8651024,547.8651024,61.62646194,0.000228325,0.003845605,2.48606E-05,0.005851029,0.065450471,209.3147099,135.1226895,2022197.942
0.006605469,0.00047678,0.000697751,0.396258292,521.8801741,521.8801741,202.433743,0.000813185,0.003372922,4.28517E-05,0.005720861,0.396258292,212.846855,210.3923598,1554315.412
0.006794924,0.000715538,0.000269537,0.54587803,584.1233987,584.1233987,115.5562058,0.001054064,0.003585969,9.68482E-06,0.005300103,0.54587803,124.4009314,123.9933064,2007613.257
0.006648966,0.00045894,0.000672094,0.274312698,482.8894735,482.8894735,58.69125808,0.000925636,0.003320605,2.39557E-06,0.005701183,0.274312698,76.19195411,74.68296976,2341552.725
0.006334259,0.000459993,0.000985748,0.365985314,443.4973681,443.4973681,169.9418947,0.000901196,0.003176525,1.21972E-05,0.005859902,0.365985314,178.5530518,177.5154598,1878415.657
0.006531321,0.000741201,0.000507478,0.090919615,635.0029677,635.0029677,202.7628632,0.000125277,0.003944223,3.08241E-05,0.005849496,0.090919615,306.1241959,254.912867,2319801.468
0.006335208,0.000555387,0.000889405,0.429197359,387.2541278,387.2541278,185.0686273,0.003625196,0.001910393,1.64017E-05,0.00439783,0.429197359,189.5676875,188.4788517,2251698.207
0.006699125,0.000202114,0.000878761,0.263176384,310.5941089,310.5941089,194.3688251,0.005880745,0.000611304,1.78957E-05,0.003439875,0.263176384,198.0990138,196.031339,2629379.754
0.006177865,0.0003692,0.001232935,0.014664135,330.4795804,330.4795804,131.2948735,0.000292992,0.003311636,8.72351E-05,0.006257956,0.014664135,516.7945327,209.6362298,1715614.145
0.006443477,0.000980127,0.000356396,0.795975298,648.2832156,648.2832156,63.35349994,0.001218957,0.003592387,2.14779E-05,0.005116998,0.795975298,70.50544515,70.16862078,1770152.655
0.006494359,0.000836416,0.000449225,0.189287479,545.2143628,545.2143628,129.7226427,0.000686578,0.003740306,1.83835E-05,0.005504552,0.189287479,157.0956582,152.386789,1829535.466
0.006324121,0.000894673,0.000561206,0.615283032,621.9084209,621.9084209,194.4371002,0.001024957,0.003544255,8.90364E-05,0.005291571,0.615283032,202.937061,200.7735264,1319081.246
0.007261842,0.000416014,0.000102144,0.138959728,379.9786843,379.9786843,64.54314248,0.003276609,0.002408631,1.47361E-05,0.004249844,0.138959728,95.01095653,84.30835385,2177431.005
0.006812067,0.000110929,0.000857004,0.876884542,509.6910316,509.6910316,168.2547477,0.001067387,0.002983269,5.85705E-06,0.005893307,0.876884542,172.2877186,171.9909882,2083970.508
0.006470109,0.00065762,0.000652271,0.452401089,202.9439897,202.9439897,198.4429415,0.006330642,0.000727354,3.26688E-05,0.002859155,0.452401089,198.6072745,197.5543419,1797361.685
0.007171381,0.000120408,0.00048821,0.80226846,656.0671048,656.0671048,117.4810264,0.00114401,0.003134094,1.09322E-05,0.005660784,0.80226846,124.0275617,123.7231608,1881559.019
0.006749255,0.000417952,0.000612793,0.65384471,426.4209113,426.4209113,115.2552583,0.004126752,0.001729204,1.94661E-05,0.004074398,0.65384471,119.1887394,118.784702,1937721.427
0.006991664,0.000259656,0.00052868,0.447466709,452.0006249,452.0006249,214.9619611,0.000749314,0.003380831,3.07969E-05,0.005788878,0.447466709,222.9065366,220.7637968,1728597.65
0.006817986,0.000552559,0.000409455,0.546496749,577.6691774,577.6691774,149.9726645,0.001075285,0.00342391,3.25866E-05,0.005418038,0.546496749,158.4014582,157.4271471,1603571.347
0.006567572,0.000895678,0.000316751,0.314366438,358.3204658,358.3204658,186.8010724,0.005521212,0.001418858,5.55188E-05,0.002954232,0.314366438,191.1149586,189.5611965,1442279.178
0.0068897,0.00070218,0.00018812,0.473597843,506.1024113,506.1024113,103.0585915,0.001173117,0.003560472,5.23751E-05,0.005163856,0.473597843,112.2975643,111.2728509,1474527.199
0.007101751,0.000442741,0.000235508,0.717225697,353.570024,353.570024,86.48042036,0.006717925,0.000634654,2.36247E-06,0.002594879,0.717225697,88.94147614,88.91598152,2619136.71
0.006107834,0.00043997,0.001232196,0.246315599,345.5144929,345.5144929,98.35603497,0.005566411,0.000710681,1.64686E-05,0.003656259,0.246315599,105.7461644,104.0215448,1980715.903
0.00695733,0.00017256,0.00065011,0.26342231,516.3499829,516.3499829,168.7188386,0.000554464,0.003373993,3.8833E-06,0.00601748,0.26342231,184.663012,183.3999507,2339800.033
0.006718951,0.000242922,0.000818127,0.313343215,408.0327324,408.0327324,59.9352977,0.004595835,0.00130448,3.22199E-05,0.004017285,0.313343215,70.14103906,67.92086473,1726192.47
0.006600719,0.000795548,0.000383733,0.788376822,239.3221395,239.3221395,121.3537657,0.006585479,0.000803168,2.90029E-05,0.00253217,0.788376822,122.0571945,121.8857561,1293019.174
0.007491232,0.000193559,9.52096E-05,0.083996302,307.286993,307.286993,44.98143967,0.00710407,0.00038714,5.18418E-06,0.002453426,0.083996302,87.22580723,62.55132589,2152324.074
0.005832206,0.001149465,0.00079833,0.186020299,682.4592259,682.4592259,48.94242915,0.000787455,0.00367184,1.94746E-05,0.00547105,0.186020299,86.48950001,81.54879291,1788478.444
0.0068112,0.000521951,0.000446848,0.272490159,543.2876823,543.2876823,215.927364,0.000360587,0.003747258,1.55706E-05,0.005826404,0.272490159,232.7067601,229.475891,2198427.318
0.006788033,0.000172063,0.000819904,0.31637664,523.1696305,523.1696305,150.5106397,0.00067734,0.003227409,1.82381E-06,0.006043246,0.31637664,163.6452071,163.1149198,2477852.472
0.006257083,0.00062788,0.000895036,0.654075484,353.1596442,353.1596442,110.7359272,0.005975641,0.000768601,4.80919E-05,0.003157485,0.654075484,113.0299183,112.6416678,1427732.134
0.006691425,0.000913771,0.000174804,0.797693882,196.9591778,196.9591778,166.4004916,0.006651885,0.000933541,6.76205E-06,0.002357632,0.797693882,166.3836908,166.1993829,2111725.949
0.006704648,0.000417564,0.000657789,0.046743052,477.7910219,477.7910219,129.5573532,0.000140963,0.003699406,4.01321E-05,0.006069319,0.046743052,331.059305,205.3078629,2102536.916
0.005997021,0.001008473,0.000774506,0.070712478,205.3808,205.3808,154.9545094,0.005934026,0.001039971,1.52887E-05,0.002960535,0.070712478,161.1535991,154.1815268,2018975.786
0.006452067,0.000754173,0.00057376,0.013047306,321.8687999,321.8687999,180.9674169,0.000328231,0.003816091,8.78292E-05,0.005717669,0.013047306,537.8520999,230.2671852,1919969.075
0.006531275,0.000695994,0.000552731,0.174014182,284.0858014,284.0858014,147.8369979,0.006259328,0.000831968,5.21297E-06,0.002853311,0.174014182,153.9644102,151.2967365,2644926.752
0.006040756,0.000524647,0.001214597,0.023670089,415.9928085,415.9928085,123.8567708,0.000291114,0.003399468,0.000106709,0.006152529,0.023670089,458.0341513,212.7453009,1536996.439
0.006886172,0.000578391,0.000315437,0.421894578,578.8641413,578.8641413,120.3992952,0.000956202,0.003543376,7.3412E-06,0.005442901,0.421894578,131.8457493,131.3170948,2074275.071
0.006409206,0.000605928,0.000764866,0.219051923,507.0974607,507.0974607,42.78445418,0.000881543,0.00336976,4.26668E-06,0.00569425,0.219051923,67.05571315,64.1675447,2169977.434
0.006526743,0.000519709,0.000733549,0.82792598,347.3471493,347.3471493,209.588338,0.00590112,0.00083252,8.74449E-05,0.003128735,0.82792598,211.4575474,210.1492771,1321488.733
0.007314575,0.000344816,0.000120609,0.644253116,335.7919986,335.7919986,109.4871562,0.007048965,0.000477621,3.6278E-06,0.002419606,0.644253116,111.768393,111.5108734,2190385.058
0.006228867,0.000687532,0.000863602,0.439786275,226.7513741,226.7513741,108.3245896,0.006210462,0.000696734,4.8092E-06,0.003037815,0.439786275,111.3901799,109.7698396,2467431.167
0.006804136,0.00010639,0.000869474,0.070276051,274.541355,274.541355,26.05783667,0.006677896,0.00016951,1.84378E-05,0.003083976,0.070276051,69.34363339,44.47011698,1843997.834
0.006488022,0.000745382,0.000546596,0.477064198,554.7029761,554.7029761,125.5816928,0.0010386,0.003470093,1.24181E-05,0.005428708,0.477064198,134.8400834,134.2758775,1902703.315
0.007003472,0.00014877,0.000627758,0.599448671,232.4687792,232.4687792,219.3419385,0.006697833,0.000301589,7.9834E-05,0.002870563,0.599448671,220.4642499,218.7075968,1399148.861
0.00651105,0.001088634,0.000180316,0.546945278,654.9342234,654.9342234,76.95620528,0.001057375,0.003815472,8.31654E-06,0.005068657,0.546945278,87.68330049,87.29325318,2105460.274
0.005933296,0.001085756,0.000760948,0.377602139,405.985245,405.985245,173.7746564,0.000915691,0.003594558,4.45509E-06,0.005435116,0.377602139,181.0715966,180.3351569,2512828.39
0.006373701,0.000425889,0.00098041,0.099726774,227.5086643,227.5086643,44.16060718,0.006355228,0.000435126,3.30479E-05,0.003126418,0.099726774,65.6938536,53.41713976,1579522.574
0.006281382,0.001183525,0.000315093,0.734954831,478.643498,478.643498,179.1360176,0.001147587,0.003750422,6.99071E-05,0.004981904,0.734954831,184.4276815,183.0288286,1416390.31
0.006467666,0.001129571,0.000182763,0.224381629,611.0538803,611.0538803,178.3890776,0.000658691,0.004034058,5.72299E-05,0.005199841,0.224381629,204.0802178,197.9422299,1545397.763
0.006550611,0.000987709,0.00024168,0.458265467,364.0075805,364.0075805,131.8575004,0.0057849,0.001370565,7.5137E-06,0.002786842,0.458265467,135.3237101,134.9394761,2224668.312
0.0068309,0.000224577,0.000724523,0.723721364,584.5933922,584.5933922,55.02347969,0.001157031,0.003061511,2.25884E-06,0.005729019,0.723721364,62.16399239,62.05264008,2320632.553
0.006666875,9.42357E-05,0.00101889,0.458851929,548.1030074,548.1030074,212.39542,0.000571797,0.003141774,1.0414E-05,0.006225834,0.458851929,221.1101814,219.8607773,2175613.725
0.00668933,0.000341068,0.000749602,0.272436976,488.230603,488.230603,63.06793103,0.000997317,0.003187074,8.20587E-06,0.005757223,0.272436976,79.63136805,78.53113688,1947728.637
0.006672959,0.000483031,0.000624009,0.77573534,379.1167851,379.1167851,24.08748973,0.006286446,0.000676288,2.16307E-05,0.002965455,0.77573534,27.01012691,26.97889146,1732144.012
0.007037108,0.000327864,0.000415028,0.051664312,387.7007626,387.7007626,144.4432742,0.000130036,0.0037814,3.30938E-05,0.00600529,0.051664312,294.5629106,199.4143412,2186509.638
0.006216087,0.000840049,0.000723864,0.657683838,405.2875114,405.2875114,145.6347051,0.004486174,0.001705005,1.50795E-05,0.003743561,0.657683838,148.665941,148.2788574,2076818.893
0.006664132,0.000356474,0.000759394,0.810792715,402.5930606,402.5930606,116.9826359,0.005422061,0.00097751,9.77626E-06,0.003540473,0.810792715,119.5186936,119.2580396,2221434.99
0.006444577,0.000553174,0.000782248,0.417644392,298.5013845,298.5013845,143.3474648,0.006314121,0.000618403,4.00657E-05,0.002977231,0.417644392,145.3553046,144.7914786,1459098.602
0.007222822,0.000349702,0.000207476,0.422432879,440.1999726,440.1999726,169.6474339,0.000866574,0.003527825,6.09173E-06,0.005549328,0.422432879,177.5781698,176.9323848,2235261.799
0.006607522,0.000420739,0.000751738,0.138441179,207.1835539,207.1835539,104.4176879,0.00658895,0.000430026,7.16462E-06,0.00292368,0.138441179,112.0844124,107.4734684,2244751.843
0.005902517,0.001059825,0.000817658,0.86561581,474.9064143,474.9064143,143.6164252,0.001091277,0.003465445,1.90851E-06,0.005391189,0.86561581,147.4750649,147.3515415,2596058.296
0.006464891,0.000101908,0.001213201,0.788630446,211.9129093,211.9129093,108.0580363,0.006455174,0.000106767,5.35171E-06,0.003382528,0.788630446,108.8897589,108.7416943,2455455.991
0.006534912,0.000229698,0.00101539,0.439771463,631.7134341,631.7134341,45.20293704,0.001166713,0.002913798,3.05742E-05,0.005838735,0.439771463,57.57207223,56.95783678,1540085.029
0.007050033,0.000473066,0.000256901,0.366374809,625.4626275,625.4626275,92.3878459,0.000812197,0.003591984,1.28203E-06,0.005544357,0.366374809,108.1477844,107.6172649,2622515.9
0.005989949,0.000844725,0.000945327,0.113927417,359.3615509,359.3615509,133.0943288,0.003790401,0.001944499,6.25759E-05,0.004152344,0.113927417,156.8661874,146.1985394,1564066.009
0.007154712,0.000320319,0.000304969,0.832883499,683.6055364,683.6055364,46.29045494,0.001264967,0.003265192,3.24992E-05,0.005387162,0.832883499,53.65408632,53.2913578,1595653.873
0.006252237,0.001186892,0.00034087,0.005032954,673.7852541,673.7852541,36.85756807,0.000863159,0.003881432,0.000234571,0.004970658,0.005032954,926.285704,259.0043026,1268461.406
0.006393476,0.001287652,9.8872E-05,0.167757702,691.0467087,691.0467087,79.87421607,0.000691649,0.004138565,3.4348E-05,0.005085258,0.167757702,126.0619285,116.4111289,1704741.152
0.006952342,0.000451551,0.000376106,0.291661687,267.2860141,267.2860141,159.9994365,0.006841051,0.000507197,1.80161E-05,0.002583556,0.291661687,161.6560423,161.0330451,1669110.646
0.006286247,0.001125267,0.000368487,0.045177444,188.3383586,188.3383586,114.5391824,0.006263772,0.001136504,7.09908E-06,0.002542444,0.045177444,132.1300821,117.2547667,2110251.569
0.006819522,0.000218309,0.000742169,0.130091726,313.4217798,313.4217798,123.2626404,0.006367345,0.000444397,2.07879E-05,0.003117289,0.130091726,134.829899,130.1705254,1843077.069
0.006391614,0.000888728,0.000499658,0.656435198,363.4579616,363.4579616,32.09622483,0.006115733,0.001026669,2.56002E-05,0.002781818,0.656435198,35.38569236,35.31710618,1551789.771
0.006772097,0.0007219,0.000286004,0.434056821,305.8527435,305.8527435,35.22542815,0.006682834,0.000766531,8.18723E-06,0.002492267,0.434056821,39.1095527,39.05833641,1841666.407
0.006444604,0.000799491,0.000535905,0.304264893,572.3545039,572.3545039,89.88981182,0.001046405,0.003498591,4.51329E-05,0.005359691,0.304264893,106.4469544,104.8193272,1503259.6
0.006805141,0.000695011,0.000279848,0.213097974,302.0731178,302.0731178,89.51631807,0.006594692,0.000800235,3.02779E-06,0.002551864,0.213097974,98.88865918,95.6836096,2457880.639
0.0066349,0.000279548,0.000865552,0.405782377,415.5560552,415.5560552,223.7389068,0.000763132,0.003215432,6.15041E-05,0.005909752,0.405782377,232.4938019,228.7844989,1496069.66
0.007319831,0.000227125,0.000233044,0.166914036,319.166729,319.166729,175.4816821,0.006452319,0.000660881,1.74804E-05,0.00281914,0.166914036,182.7243102,179.3920431,2239509.595
0.006316986,0.000709239,0.000753775,0.291836088,363.2052021,363.2052021,153.7349415,0.004897204,0.00141913,1.0317E-05,0.003623169,0.291836088,159.3221472,158.209577,2340793.358
0.006016173,0.000909133,0.000854694,0.237581695,647.3570234,647.3570234,202.6206963,0.000649977,0.003592231,0.000107178,0.005600434,0.237581695,227.7786481,220.1070791,1301026.44
0.006874652,0.000810896,9.44516E-05,0.747071156,193.3274428,193.3274428,125.8844329,0.006867862,0.000814291,5.9045E-06,0.002261762,0.747071156,126.1140687,126.0575276,1483277.341
0.006961106,0.000587659,0.000231235,0.626727078,254.2836301,254.2836301,97.8175519,0.006941755,0.000597334,1.71743E-05,0.002393556,0.626727078,99.05586121,98.9371301,1326819.177
0.006697478,0.000983676,9.88455E-05,0.300190319,384.7619537,384.7619537,202.8061998,0.00078707,0.00393888,1.44445E-05,0.005209425,0.300190319,212.9670185,210.1949036,2422487.882
0.005996274,0.000766315,0.001017412,0.52221344,615.5667153,615.5667153,70.83583289,0.001225437,0.003151733,6.69991E-05,0.005505651,0.52221344,80.67705923,79.81941825,1353780.879
0.007286629,0.000352996,0.000140375,0.259061505,295.6158145,295.6158145,53.92407794,0.007168432,0.000412095,2.57721E-06,0.002366716,0.259061505,59.78626121,59.55862388,2225218.187
0.006212784,0.000792879,0.000774337,0.237580955,663.8195428,663.8195428,156.2322067,0.00061361,0.003592466,1.34291E-05,0.005730315,0.237580955,180.3337231,177.5070186,1926914.768
0.006792157,0.000421198,0.000566645,0.23391854,681.4481933,681.4481933,72.87463123,0.000663324,0.003485614,2.03265E-06,0.005798849,0.23391854,101.6111847,99.69487012,2416672.89
0.006109356,0.000808668,0.000861976,0.609375261,378.2318635,378.2318635,52.60022818,0.005628983,0.001048855,2.20247E-05,0.003249958,0.609375261,56.20234575,56.06491148,1794114.692
0.00610952,0.001191578,0.000478902,0.467848696,689.1300496,689.1300496,77.21590602,0.001166228,0.003663223,8.56352E-05,0.005034733,0.467848696,90.18459898,89.06095942,1319823.194
0.007178249,0.00046879,0.000132961,0.069087594,249.1137042,249.1137042,81.78790458,0.007108357,0.000503736,8.45577E-06,0.002329271,0.069087594,105.5072176,91.74656396,1590990.337
0.006186576,0.00123611,0.000357314,0.050270171,574.9383098,574.9383098,21.22131013,0.00015843,0.004250183,3.45268E-05,0.00550668,0.050270171,264.7035568,123.1727255,2281407.91
0.005973741,0.000894665,0.000911593,0.2328629,482.3244584,482.3244584,67.29666536,0.000924887,0.003419092,6.61841E-06,0.005599222,0.2328629,86.58768404,84.84137475,2060554.434
0.006834841,0.000200177,0.000744982,0.395940278,503.6398367,503.6398367,158.6138652,0.000756599,0.003239298,2.00115E-06,0.005951922,0.395940278,168.3166123,167.9523514,2511208.309
0.006545183,0.000311349,0.000923468,0.255867362,436.7011626,436.7011626,223.0575299,0.000286203,0.003440839,1.19592E-05,0.006210819,0.255867362,236.4821964,233.4454835,2326463.035
0.005904649,0.001038767,0.000836584,0.610894277,299.2796805,299.2796805,72.98437518,0.00584672,0.001067732,4.1491E-05,0.002993878,0.610894277,75.29406613,74.96511276,1432227.233
0.006979367,0.000607985,0.000192648,0.854622097,260.3584647,260.3584647,148.0758635,0.006913893,0.000640722,2.71771E-06,0.002392487,0.854622097,148.7269371,148.6069034,2651960.437
0.006077401,0.000813397,0.000889202,0.696561841,510.7896097,510.7896097,221.0229293,0.000661969,0.003521113,1.3125E-05,0.005753613,0.696561841,226.3829769,225.239562,2326131.048
0.006174729,0.000822248,0.000783022,0.572528746,596.0820037,596.0820037,121.805625,0.00119887,0.003310178,8.24909E-05,0.005358281,0.572528746,130.3976755,129.0981934,1304595.597
0.007564971,0.000110234,0.000104795,0.678225787,528.3680621,528.3680621,82.26742288,0.001139499,0.00332297,3.90947E-06,0.005483442,0.678225787,89.16914629,88.96407873,2244522.54
0.006032359,0.000924096,0.000823544,0.672137476,427.3675084,427.3675084,143.5095091,0.003153798,0.002363377,1.77651E-05,0.004414879,0.672137476,147.2199513,146.7592206,1969834.832
0.006485724,0.000745771,0.000548505,0.527432178,668.5338384,668.5338384,132.3987353,0.001134337,0.003421464,7.76487E-05,0.00531637,0.527432178,143.0453855,141.587281,1332875.983
0.006757138,0.000918988,0.000103874,0.695752972,488.5052425,488.5052425,46.84308277,0.001337885,0.003628615,6.09823E-05,0.004922338,0.695752972,53.29434569,52.79430872,1449136.148
0.006931312,0.000660405,0.000188282,0.353245508,302.4913573,302.4913573,134.2265783,0.006787319,0.000732402,1.743E-05,0.002412669,0.353245508,136.660661,136.3228618,1388902.826
0.006856679,0.000761657,0.000161664,0.544765054,535.6102805,535.6102805,50.8339265,0.001137092,0.00362145,6.71176E-06,0.005184565,0.544765054,60.66563486,59.75127999,2144333.768
0.006857061,0.000195522,0.000727417,0.222697112,350.3778564,350.3778564,73.48083673,0.006331197,0.000458454,3.12454E-05,0.003128924,0.222697112,82.86362673,80.56019656,1615399.877
0.00717207,0.000293779,0.000314151,0.261189075,568.7984573,568.7984573,129.3640562,0.000920396,0.003419616,4.63484E-05,0.00556346,0.261189075,148.7159639,146.0266829,1484483.899
0.00738009,0.000134198,0.000265712,0.017409144,695.9030358,695.9030358,188.24697,0.000426814,0.003610836,7.2147E-05,0.005840023,0.017409144,834.6398603,350.6487832,2020608.89
0.006489691,0.000595723,0.000694586,0.31258523,324.4140094,324.4140094,168.6288079,0.00587423,0.000903453,8.44884E-06,0.003163687,0.31258523,171.9737773,171.0343683,2593707.656
0.006375526,0.000399356,0.001005118,0.127624759,662.1035142,662.1035142,123.5944747,0.000306928,0.003433655,7.34235E-06,0.006201895,0.127624759,180.4416319,167.5776466,2153518.519
0.006560545,0.000417788,0.000801667,0.370387122,542.007397,542.007397,204.9200368,0.000535899,0.003430111,9.21327E-06,0.005974597,0.370387122,215.9200863,214.5685881,2257535.258
0.006430349,0.000576617,0.000773033,0.137769985,235.4322345,235.4322345,216.6557492,0.006063268,0.000760158,6.88078E-05,0.003057586,0.137769985,219.6082993,214.2564947,1611315.486
0.007011753,0.000347895,0.000420352,0.746109732,312.2448078,312.2448078,115.6382135,0.006901052,0.000403246,1.95884E-05,0.002625934,0.746109732,117.0707723,116.8971622,1576131.852
0.006593332,0.000929388,0.00025728,0.665282184,663.5253513,663.5253513,79.48951217,0.001235986,0.003608061,8.04212E-05,0.005025352,0.665282184,88.3015808,87.4971331,1337944.991
0.00645193,0.00119911,0.00012896,0.088992287,431.5399512,431.5399512,211.6190341,0.000154949,0.004347601,3.67009E-05,0.005410569,0.088992287,285.0329619,241.8017002,2215541.021
0.006367643,0.00066985,0.000742507,0.738571573,636.9391493,636.9391493,122.6654881,0.001107655,0.003299844,8.26376E-06,0.005534057,0.738571573,129.3758384,129.0941842,2001864.297
0.006988211,8.78704E-05,0.000703919,0.204408177,584.2916316,584.2916316,201.4757206,0.000339175,0.003412388,1.7022E-05,0.006181234,0.204408177,226.9270111,221.8108351,1969482.32
0.006303317,0.000939456,0.000537227,0.096256144,196.1747812,196.1747812,64.10826481,0.006292438,0.000944896,3.47452E-06,0.002709012,0.096256144,77.52785565,71.62373078,2500158.668
0.005834323,0.000869756,0.001075921,0.596501736,579.9384901,579.9384901,43.6639045,0.001090379,0.003241728,9.79836E-07,0.005616733,0.596501736,52.2544905,52.22799857,2647475.979
0.006325924,0.000178687,0.00127539,0.859118951,536.607186,536.607186,45.71466651,0.001212727,0.002735285,1.53166E-06,0.006000276,0.859118951,50.986808,50.96352113,2359710.953
0.006117327,0.00093496,0.000727713,0.733109868,629.3602022,629.3602022,138.7532084,0.001147827,0.00341971,2.97679E-05,0.005352515,0.733109868,145.4560531,144.7840907,1633701.953
0.006850435,0.00050953,0.000420035,0.560931273,482.9099319,482.9099319,116.4690958,0.001076595,0.00339645,4.20862E-06,0.005472567,0.560931273,123.3743399,123.1192233,2239666.465
0.006054191,0.00093336,0.000792449,0.295448593,506.1634384,506.1634384,97.36988918,0.000869428,0.003525741,2.77353E-06,0.005551877,0.295448593,112.2061897,111.3751901,2355937.266
0.006363806,0.000553427,0.000862767,0.249638428,243.5350685,243.5350685,176.0921449,0.006230722,0.000619969,1.64522E-05,0.003082677,0.249638428,177.3724972,176.2093008,2109792.386
0.006283961,0.00074856,0.000747478,0.390944829,295.8340538,295.8340538,114.2412957,0.006147226,0.000816928,4.95036E-06,0.002980716,0.390944829,117.732223,116.7885704,2444231.956
0.006304148,0.000561566,0.000914287,0.315272487,205.3985814,205.3985814,166.04196,0.00624247,0.000592404,7.069E-06,0.003107876,0.315272487,166.3529876,165.7036196,2589831.217
0.006258646,0.000585117,0.000936237,0.789984493,413.5679139,413.5679139,212.268714,0.002249198,0.002589841,2.30798E-05,0.005087701,0.789984493,215.7407552,214.4285296,2183462.213
0.006728883,0.000271368,0.000779748,0.005548982,353.4062606,353.4062606,189.7133308,0.000590137,0.003340742,0.000205726,0.005813215,0.005548982,686.9466242,238.8839445,1300482.242
0.00702768,0.000661558,9.07622E-05,0.626807345,333.3700579,333.3700579,28.24245556,0.006892159,0.000729319,7.53089E-06,0.002320812,0.626807345,31.30409242,31.27708279,1548418.619
0.007133148,0.000303605,0.000343247,0.304263416,440.0405145,440.0405145,219.8561199,0.000731867,0.003504245,0.000104536,0.005609172,0.304263416,233.7157555,227.9000264,1319706.962
0.006467666,0.000182763,0.001129571,0.274492253,279.5196492,279.5196492,203.6762345,0.00589851,0.000467341,2.30632E-05,0.003560906,0.274492253,206.3888373,204.0206954,2600580.989
0.006550611,0.00024168,0.000987709,0.583294149,663.0838546,663.0838546,152.130359,0.000973931,0.00303002,7.20188E-06,0.005938667,0.583294149,160.5694226,160.1693298,1969860.594
0.0068309,0.000724523,0.000224577,0.829032438,666.3424551,666.3424551,22.26585532,0.001168517,0.003555715,3.17939E-06,0.005222409,0.829032438,29.83453415,29.81281192,2407481.46
0.006666875,0.00101889,9.42357E-05,0.803767472,488.4961721,488.4961721,222.1459609,0.000815454,0.0039446,2.83395E-05,0.005161427,0.803767472,227.0464779,225.6684101,1927579.306
0.00668933,0.000749602,0.000341068,0.897461423,187.2623953,187.2623953,99.74652504,0.00668613,0.000751202,6.58787E-06,0.0025059,0.897461423,100.2851265,100.1582212,1983230.373
0.006672959,0.000624009,0.000483031,0.065604773,647.3832876,647.3832876,102.6694273,0.000188879,0.003866049,5.88154E-05,0.005836076,0.065604773,284.0810798,184.6896162,1879607.614
0.007037108,0.000415028,0.000327864,0.116665465,535.1254003,535.1254003,125.553092,0.000248443,0.003809361,4.64728E-06,0.005887369,0.116665465,183.2274014,166.3036563,2539610.803
0.006216087,0.000723864,0.000840049,0.883411592,224.5140192,224.5140192,134.1047356,0.006193917,0.000734949,4.82478E-06,0.003016129,0.883411592,134.6311893,134.4634829,2517055.073
0.006664132,0.000759394,0.000356474,0.081227158,695.0059228,695.0059228,218.3471096,0.000167571,0.004007674,4.78439E-05,0.005726731,0.081227158,357.1930075,280.4722777,2170931.079
0.006444577,0.000782248,0.000553174,0.617545931,347.2230528,347.2230528,196.9397877,0.005764739,0.001122168,4.07356E-05,0.003022178,0.617545931,198.9382691,197.9614299,1693154.407
0.007222822,0.000207476,0.000349702,0.836069032,599.5521172,599.5521172,118.606518,0.001197594,0.00322009,2.19127E-05,0.005510223,0.836069032,124.440416,123.9888434,1698497.071
0.006607522,0.000751738,0.000420739,0.127643316,422.1898091,422.1898091,201.5761451,0.000365121,0.003872939,6.1454E-05,0.005650306,0.127643316,242.1494737,222.0500907,1628050.971
0.005902517,0.000817658,0.001059825,0.017795568,430.4237118,430.4237118,30.16926658,0.000175536,0.003681148,3.2498E-05,0.006060637,0.017795568,481.9105372,174.7014168,2372544.26
